category,column,total,filled,empty,empty_percent,unique,top_values
CPU,socket,789,789,0,0.0,18,LGA1151 (175) | LGA2011 (122) | AM4 (97) | LGA1700 (59) | LGA2066 (50) | LGA1200 (49) | LGA1150 (46) | AM5 (45) | FM2+ (39) | AM3+ (21)
CPU,microarchitecture,789,789,0,0.0,40,Skylake (76) | Haswell (74) | Coffee Lake (71) | Kaby Lake (47) | Zen 4 (44) | Piledriver (42) | Steamroller (35) | Comet Lake (34) | Broadwell (30) | Zen 2 (29)
CPU,specifications_memory_types,789,704,85,10.77,3,DDR4 (411) | DDR3 (156) | DDR5 (137)
CPU,specifications_tdp,789,789,0,0.0,46,65 (236) | 95 (75) | 125 (48) | 35 (45) | 140 (41) | 80 (41) | 165 (33) | 105 (29) | 120 (23) | 350 (19)
CPU,clocks_performance_base,789,789,0,0.0,33,3.5 (92) | 3.6 (76) | 3.7 (66) | 3.8 (53) | 3.4 (47) | 3.0 (46) | 3.3 (44) | 3.2 (40) | 4.0 (36) | 3.1 (34)
CPU,clocks_performance_boost,789,789,0,0.0,39,4.0 (61) | 3.8 (53) | 3.9 (53) | 4.5 (48) | 4.4 (46) | 4.2 (42) | 3.7 (33) | 4.3 (31) | 4.7 (30) | 5.0 (28)
CPU,cores_total,789,789,0,0.0,15,4 (255) | 6 (150) | 8 (138) | 10 (43) | 12 (40) | 2 (38) | 16 (38) | 14 (28) | 24 (22) | 18 (11)
CPU,cores_threads,789,789,0,0.0,20,4 (151) | 8 (144) | 16 (117) | 12 (115) | 20 (52) | 24 (47) | 32 (38) | 6 (37) | 2 (27) | 28 (20)
GPU,chipset_manufacturer,3835,3835,0,0.0,3,NVIDIA (2763) | AMD (1017) | Intel (55)
GPU,memory,3835,3835,0,0.0,18,8 (1247) | 16 (697) | 12 (547) | 4 (340) | 6 (279) | 2 (172) | 24 (169) | 11 (100) | 10 (82) | 32 (60)
GPU,memory_type,3835,3835,0,0.0,11,GDDR6 (1717) | GDDR5 (733) | GDDR6X (696) | GDDR7 (462) | GDDR5X (114) | DDR3 (67) | HBM2 (34) | DDR4 (6) | DDR2 (2) | HBM (2)
GPU,core_count,3835,2870,965,25.16,49,0 (722) | 5888 (165) | 4608 (144) | 6144 (141) | 3840 (137) | 2560 (132) | 3584 (108) | 10752 (102) | 2048 (100) | 4352 (90)
GPU,tdp,3835,3834,1,0.03,136,250 (317) | 180 (226) | 300 (193) | 200 (165) | 320 (157) | 220 (155) | 150 (143) | 120 (141) | 160 (133) | 75 (133)
GPU,length,3835,3832,3,0.08,275,267 (215) | 300 (151) | 280 (87) | 320 (77) | 270 (68) | 305 (68) | 329 (62) | 242 (56) | 268 (56) | 304 (54)
GPU,total_slot_width,3835,3826,9,0.23,58,2 (1759) | 3 (1136) | 4 (212) | 2.5 (160) | 1 (131) | 3.5 (56) | 0 (50) | 2.7 (29) | 2.1 (23) | 2.2 (21)
GPU,core_base_clock,3835,3825,10,0.26,386,2310 (165) | 1410 (153) | 2295 (142) | 1500 (119) | 1365 (90) | 2407 (89) | 1440 (82) | 1920 (78) | 2280 (74) | 1320 (71)
GPU,core_boost_clock,3835,3829,6,0.16,469,1770 (77) | 1845 (76) | 1710 (71) | 1815 (68) | 2640 (61) | 1755 (59) | 1860 (57) | 2610 (56) | 1695 (55) | 1800 (54)
RAM,ram_type,4828,4828,0,0.0,5,DDR5 (2653) | DDR4 (1805) | DDR3 (336) | DDR2 (32) | DDR (2)
RAM,speed,4828,4828,0,0.0,56,6000 (845) | 3200 (595) | 5600 (527) | 3600 (427) | 6400 (375) | 5200 (214) | 2666 (201) | 2400 (191) | 1600 (179) | 4800 (140)
RAM,capacity,4828,4828,0,0.0,16,32 (1818) | 16 (1182) | 64 (711) | 8 (391) | 48 (264) | 128 (127) | 96 (115) | 4 (107) | 256 (44) | 2 (20)
RAM,modules_capacity_gb,4828,4828,0,0.0,10,16 (2026) | 8 (1166) | 32 (872) | 24 (281) | 4 (242) | 48 (130) | 64 (53) | 2 (42) | 1 (15) | 128 (1)
RAM,modules_quantity,4828,4828,0,0.0,6,2 (3292) | 1 (1046) | 4 (398) | 8 (87) | 3 (4) | 6 (1)
RAM,cas_latency,4828,4826,2,0.04,34,16 (765) | 36 (545) | 40 (498) | 32 (420) | 18 (364) | 30 (363) | 38 (295) | 34 (209) | 15 (207) | 19 (164)
RAM,voltage,4828,1234,3594,74.44,10,1.35 (514) | 1.4 (351) | 1.1 (112) | 1.25 (109) | 1.45 (74) | 1.2 (53) | 1.3 (14) | 0 (4) | 1.5 (2) | 5 (1)
Motherboard,socket,3699,3695,4,0.11,30,LGA1151 (633) | LGA1700 (615) | AM4 (521) | AM5 (516) | LGA1200 (358) | LGA1150 (221) | LGA1851 (192) | LGA1155 (152) | LGA2011 (130) | AM3+ (66)
Motherboard,memory_ram_type,3699,3695,4,0.11,4,DDR4 (1955) | DDR5 (1064) | DDR3 (628) | DDR2 (48)
Motherboard,memory_max,3699,3694,5,0.14,19,128 (1014) | 64 (883) | 32 (573) | 256 (496) | 192 (313) | 16 (180) | 96 (117) | 8 (53) | 4 (21) | 24 (13)
Motherboard,memory_slots,3699,3695,4,0.11,7,4 (2432) | 2 (1040) | 8 (190) | 6 (17) | 16 (10) | 12 (4) | 1 (2)
Motherboard,form_factor,3699,3697,2,0.05,11,ATX (1689) | Micro ATX (1518) | Mini ITX (301) | EATX (154) | SSI EEB (11) | SSI CEB (8) | XL ATX (6) | Thin Mini-ITX (5) | HPTX (3) | Mini DTX (1)
Motherboard,m2_slots,3699,2958,741,20.03,27,2242|2260|2280 (1544) | 2260|2280 (313) | 2280 (272) | 2242|2260|2280|22110 (218) | 2230|2242|2280 (130) | 2280|22110 (105) | 2260|2280|22110 (90) | 2280|2580|22110|25110 (84) | 2230|2242|2260|2280 (71) | 2242|2280 (33)
Motherboard,chipset,3699,3695,4,0.11,141,Intel B760 (204) | AMD B850 (147) | Intel Z790 (144) | AMD B650 (138) | AMD B550 (130) | Intel Z690 (109) | AMD B450 (99) | Intel B860 (94) | AMD X570 (91) | Intel Z490 (81)
PSU,wattage,3295,3291,4,0.12,79,750 (484) | 850 (456) | 650 (411) | 1000 (303) | 550 (257) | 500 (207) | 600 (184) | 1200 (154) | 700 (128) | 450 (109)
PSU,efficiency_rating,3295,3014,281,8.53,8,80+ GOLD (1418) | 80+ BRONZE (761) | 80+ PLATINUM (443) | 80+ (239) | 80+ TITANIUM (87) | 80+ SILVER (63) | 80+ STANDARD (2) | 80+ WHITE (1)
PSU,modular,3295,3290,5,0.15,3,full (1584) | non-modular (1188) | semi-modular (518)
PSU,form_factor,3295,3290,5,0.15,7,ATX (3076) | SFX (159) | TFX (26) | Flex ATX (13) | Mini-ITX (12) | ATX/EPS (3) | SFX-L (1)
PSU,length,3295,3183,112,3.4,64,140 (1147) | 160 (618) | 180 (255) | 150 (241) | 165 (132) | 139 (129) | 100 (121) | 170 (115) | 200 (55) | 175 (54)
Cooler,cpu_sockets,2398,2394,4,0.17,228,AM4|AM5|LGA1150|LGA1151|LGA1155|LGA1156|LGA1200|LGA1700|LGA1851 (437) | AM4|AM5|LGA1150|LGA1151|LGA1155|LGA1156|LGA1200|LGA1700|LGA1851|LGA2011|LGA2066 (313) | AM2|AM3|AM4|AM5|FM1|FM2|LGA1150|LGA1151|LGA1155|LGA1156|LGA1200|LGA1700|LGA1851|LGA2011|LGA2066 (149) | AM2|AM3|AM4|FM1|FM2|LGA1150|LGA1151|LGA1155|LGA1156|LGA1200|LGA1366|LGA2011|LGA2066|LGA775 (97) | AM2|AM3|AM4|AM5|FM1|FM2|LGA1150|LGA1151|LGA1155|LGA1156|LGA1200|LGA1366|LGA1700|LGA1851|LGA2011|LGA2066 (81) | AM4|AM5|LGA1700|LGA1851 (65) | AM2|AM3|FM1|FM2|LGA1150|LGA1151|LGA1155|LGA1156|LGA1200|LGA1366|LGA2011|LGA2066|LGA775 (50) | LGA1150|LGA1151|LGA1155|LGA1156|LGA1200 (50) | AM2|AM3|AM4|AM5|FM1|FM2|LGA1150|LGA1151|LGA1155|LGA1156|LGA1200|LGA1366|LGA1700|LGA1851|LGA2011|LGA2066|TR4|TRX4 (45) | AM2|AM3|AM4|FM1|FM2|LGA1150|LGA1151|LGA1155|LGA1156|LGA1200|LGA1366|LGA2011|LGA2066 (44)
Cooler,height,2398,1621,777,32.4,156,155 (92) | 158 (86) | 154 (81) | 160 (70) | 157 (58) | 159 (54) | 60 (52) | 165 (32) | 65 (32) | 150 (32)
Cooler,fan_quantity,2398,322,2076,86.57,4,2 (136) | 3 (126) | 1 (57) | 0 (3)
Cooler,fan_size,2398,351,2047,85.36,14,120 (279) | 140 (38) | 92 (6) | 100 (5) | 95 (4) | 135 (3) | 240 (3) | 90 (3) | 360 (3) | 280 (2)
Cooler,radiator_size,2398,1283,1115,46.5,8,360 (514) | 240 (454) | 120 (123) | 280 (112) | 420 (48) | 0 (22) | 140 (9) | 394 (1)
Cooler,water_cooled,2398,2388,10,0.42,2,true (1265) | false (1123)
Case,form_factor,3749,3747,2,0.05,14,ATX Mid Tower (2314) | Micro ATX Mini Tower (388) | Mini ITX Tower (336) | ATX Full Tower (311) | Micro ATX Mid Tower (208) | HTPC (45) | Micro ATX Desktop (44) | EATX Mid Tower (30) | ATX Mini Tower (19) | EATX Full Tower (17)
Case,max_video_card_length,3749,3585,164,4.37,203,400 (327) | 330 (208) | 410 (190) | 350 (170) | 420 (158) | 360 (153) | 380 (128) | 320 (124) | 340 (123) | 370 (104)
Case,max_cpu_cooler_height,3749,1222,2527,67.4,83,170 (165) | 165 (125) | 160 (110) | 180 (96) | 185 (89) | 190 (65) | 175 (63) | 167 (30) | 155 (30) | 210 (30)
Case,max_psu_length,3749,101,3648,97.31,12,220 (33) | 200 (20) | 180 (17) | 223 (8) | 160 (7) | 182 (4) | 210 (3) | 250 (3) | 240 (3) | 170 (1)
Case,supported_motherboard_form_factors,3749,3747,2,0.05,27,ATX | Micro ATX | Mini-ITX (2356) | Micro ATX | Mini-ITX (645) | Mini-ITX (384) | ATX | Micro ATX | Mini-ITX | EATX (251) | EATX | ATX | Micro ATX | Mini-ITX (36) | ATX | Mini-ITX | Micro ATX (13) | ATX | Mini-ITX | Micro ATX | EATX (11) | Mini-ITX | Micro ATX (6) | Micro ATX | Mini-ITX | ATX (6) | Micro ATX | Mini-ITX | EATX | ATX (5)
Case,supported_power_supply_form_factors,3749,160,3589,95.73,4,ATX (151) | SFX | SFX-L (6) | ATX | SFX | SFX-L (2) | Flex ATX (1)
Case,volume,3749,3176,573,15.28,1414,0 (85) | 41.345 (23) | 70.688 (21) | 58.628 (16) | 66.248 (16) | 45.895 (16) | 53.295 (13) | 46.218 (13) | 55.752 (12) | 52.952 (12)
Storage,capacity,3495,3493,2,0.06,70,1000 (748) | 2000 (549) | 4000 (278) | 500 (257) | 512 (231) | 256 (176) | 240 (117) | 8000 (115) | 250 (104) | 120 (94)
Storage,storage_type,3495,3493,2,0.06,3,SSD (2504) | HDD (967) | SSHD (22)
Storage,type,3495,3459,36,1.03,3,SSD (2473) | HDD (964) | SSHD (22)
Storage,form_factor,3495,3493,2,0.06,9,"M.2-2280 (1533) | 2.5"" (996) | 3.5"" (835) | PCIe (45) | M.2-2230 (34) | M.2-2242 (29) | mSATA (10) | M.2-22110 (7) | M.2-2260 (4)"
Storage,interface,3495,3493,2,0.06,21,SATA 6.0 Gb/s (1516) | M.2 PCIe 4.0 x4 (725) | M.2 PCIe 3.0 x4 (626) | SATA 3.0 Gb/s (245) | M.2 PCIe 5.0 x4 (138) | M.2 SATA (112) | SAS 12.0 Gb/s (29) | M.2 PCIe 3.0 x2 (22) | SAS 6.0 Gb/s (22) | M.2 PCIe 3.0 x8 (10)
Storage,nvme,3495,3493,2,0.06,2,false (1956) | true (1537)
