category,opendb_id,issue,details
CPU,0d19c5b2-c8fc-432b-a4d4-aa31365c5261,BOOST_CLOCK_LOWER_THAN_BASE,"base=3.5, boost=0.0"
CPU,16d02a32-8e90-44bf-8002-3a6cbbe6584b,BOOST_CLOCK_LOWER_THAN_BASE,"base=3.8, boost=0.0"
CPU,39c1bfe9-565b-44eb-b940-8eec3b68d969,BOOST_CLOCK_LOWER_THAN_BASE,"base=3.2, boost=0.0"
CPU,3e9a2f79-fccb-49c1-bda6-b6dc9eacfff2,BOOST_CLOCK_LOWER_THAN_BASE,"base=3.4, boost=0.0"
CPU,414404ea-be98-44a0-80bc-13298538b955,BOOST_CLOCK_LOWER_THAN_BASE,"base=3.7, boost=0.0"
CPU,4e595e68-eb83-4cc3-9118-653b05747d5a,BOOST_CLOCK_LOWER_THAN_BASE,"base=3.6, boost=0.0"
CPU,51d94d56-b80d-4ea9-9653-f3588535f558,BOOST_CLOCK_LOWER_THAN_BASE,"base=3.4, boost=0.0"
CPU,65d8587b-e6ea-490d-b059-9d545cafe8e0,BOOST_CLOCK_LOWER_THAN_BASE,"base=3.7, boost=0.0"
CPU,77d5724f-dbd3-463f-aa65-055860a2810d,BOOST_CLOCK_LOWER_THAN_BASE,"base=3.4, boost=0.0"
CPU,9a7ca5bd-0c01-4f16-ae1f-f2b5f50d2021,BOOST_CLOCK_LOWER_THAN_BASE,"base=3.7, boost=0.0"
CPU,a50400bf-d4b1-4f5d-a4e6-1dda7d69e352,BOOST_CLOCK_LOWER_THAN_BASE,"base=3.5, boost=0.0"
CPU,a98f71a3-5470-4333-b8f9-8bbfe03536b7,BOOST_CLOCK_LOWER_THAN_BASE,"base=4.0, boost=0.0"
CPU,adc4a3fa-6770-4561-9432-f5c105eedb5e,BOOST_CLOCK_LOWER_THAN_BASE,"base=3.9, boost=0.0"
CPU,bd3ccb89-8d76-4e73-98d9-44e8582d077a,BOOST_CLOCK_LOWER_THAN_BASE,"base=3.5, boost=0.0"
CPU,f4fcdf17-ee89-4728-a37f-3bb8350cc118,BOOST_CLOCK_LOWER_THAN_BASE,"base=3.4, boost=0.0"
GPU,0a9137f5-c119-4b57-810d-160f9901bab1,INVALID_GPU_LENGTH,0.0
GPU,112ed343-c0dc-41a1-885e-d4bb0bfdc4d3,INVALID_GPU_LENGTH,0.0
GPU,15ff9abb-5bcf-44dd-8261-798ef337e8d8,INVALID_GPU_LENGTH,0.0
GPU,2a195f7b-37a6-4b8c-8622-9b05a28982e1,INVALID_GPU_LENGTH,0.0
GPU,3a93e28b-8c87-4b8b-ad77-de5c81cf1f99,INVALID_GPU_LENGTH,0.0
GPU,6c5c81a6-8315-44c4-9d83-9910d792537d,BOOST_CLOCK_LOWER_THAN_BASE,"base=18000.0, boost=2695.0"
GPU,79fcf209-a36b-4d8d-b533-6128c91ed936,BOOST_CLOCK_LOWER_THAN_BASE,"base=1295.0, boost=0.0"
GPU,7d9ddfe4-3e4a-44b5-b1e0-d4a6020f248e,INVALID_GPU_LENGTH,0.0
GPU,8ba0d597-8045-4e2b-8ae6-4cb68ae47b41,BOOST_CLOCK_LOWER_THAN_BASE,"base=2850.0, boost=0.0"
GPU,b90a440d-da1c-48e0-8758-7701148eb0a5,BOOST_CLOCK_LOWER_THAN_BASE,"base=1740.0, boost=0.0"
GPU,c5d174de-4fb0-4015-ac0b-129bc09df243,BOOST_CLOCK_LOWER_THAN_BASE,"base=1100.0, boost=1071.0"
GPU,dee967ae-e82a-45f4-9c13-493f55b2faa1,BOOST_CLOCK_LOWER_THAN_BASE,"base=1100.0, boost=1071.0"
GPU,ec12e916-7152-4ba9-9daf-f9380ce2c001,BOOST_CLOCK_LOWER_THAN_BASE,"base=1100.0, boost=1071.0"
GPU,fb5f46f6-a59b-4d4e-a6ec-5dcac059358e,BOOST_CLOCK_LOWER_THAN_BASE,"base=1100.0, boost=1017.0"
Motherboard,3939695d-df8c-485e-9d38-c12b2dfe8ec0,INVALID_MEMORY_MAX,0.0
Motherboard,5b634ff3-08b8-48cd-bb54-da687a6c9eef,INVALID_MEMORY_MAX,0.0
Motherboard,8ea49854-921d-469c-949d-01ed56bb2478,INVALID_MEMORY_MAX,0.0
PSU,52daf301-03b3-46d8-b244-adf61150ad5c,INVALID_PSU_WATTAGE,0.0
Cooler,0712be57-eafe-4a0a-a76b-053941088860,INVALID_COOLER_HEIGHT,0.0
Cooler,0b2e1e7a-5e15-46ae-bcc5-c22a8f73d719,INVALID_COOLER_HEIGHT,0.0
Cooler,1802eb06-3574-4591-bf65-71edf7e8254d,INVALID_COOLER_HEIGHT,0.0
Cooler,2c80a8e1-31fd-4e79-9ad3-7681b2197415,INVALID_COOLER_HEIGHT,0.0
Cooler,3d54fb3f-237d-4310-81d7-e44b27b157fa,INVALID_COOLER_HEIGHT,0.0
Cooler,3f92cebd-9dfb-45bd-b71f-791ede2bb690,INVALID_COOLER_HEIGHT,0.0
Cooler,46af4a41-e338-4e6a-964e-25982fd1d266,INVALID_COOLER_HEIGHT,0.0
Cooler,6a2c045f-3f03-48e3-9f5e-d3d3af350a8c,INVALID_COOLER_HEIGHT,0.0
Cooler,843434ba-7322-4e96-819a-42f13affe068,INVALID_COOLER_HEIGHT,0.0
Cooler,9b9241e6-c11d-4519-8c5e-1bea101439c6,INVALID_COOLER_HEIGHT,0.0
Cooler,ae9af83a-ba69-46ad-b248-c46afddd8a44,INVALID_COOLER_HEIGHT,0.0
Cooler,b25ae792-88af-4f84-beff-86a14932c968,INVALID_COOLER_HEIGHT,0.0
Cooler,bd9d1f89-4b55-4298-9a99-689b37a2fa13,INVALID_COOLER_HEIGHT,0.0
Cooler,e8a4cacc-a2fd-44f9-aa5a-ea1f4d18ca9f,INVALID_COOLER_HEIGHT,0.0
Case,10083dbd-f6ab-4c97-8598-be94ea5487d3,INVALID_MAX_GPU_LENGTH,0.0
Case,10083dbd-f6ab-4c97-8598-be94ea5487d3,INVALID_MAX_COOLER_HEIGHT,0.0
Case,14d9ab20-35fd-4849-acb2-f16e28466764,INVALID_MAX_GPU_LENGTH,0.0
Case,1e4e4294-0119-4295-aaf0-93baa44b2b24,INVALID_MAX_GPU_LENGTH,0.0
Case,1e4e4294-0119-4295-aaf0-93baa44b2b24,INVALID_MAX_COOLER_HEIGHT,0.0
Case,3a190b33-ce95-4c39-96f7-7d4c10410ecb,INVALID_MAX_COOLER_HEIGHT,0.0
Case,4c2afff4-077f-42f5-b36a-96850ca4a8ce,INVALID_MAX_GPU_LENGTH,0.0
Case,4c2afff4-077f-42f5-b36a-96850ca4a8ce,INVALID_MAX_COOLER_HEIGHT,0.0
Case,54ddfc67-e274-42e6-8e94-6e55584ea358,INVALID_MAX_GPU_LENGTH,0.0
Case,54ddfc67-e274-42e6-8e94-6e55584ea358,INVALID_MAX_COOLER_HEIGHT,0.0
Case,58262c93-3e90-4378-b38a-96115e94ea7e,INVALID_MAX_GPU_LENGTH,0.0
Case,58262c93-3e90-4378-b38a-96115e94ea7e,INVALID_MAX_COOLER_HEIGHT,0.0
Case,771bc4de-0da7-4ae5-8e71-69e7979f371a,INVALID_MAX_GPU_LENGTH,0.0
Case,771bc4de-0da7-4ae5-8e71-69e7979f371a,INVALID_MAX_COOLER_HEIGHT,0.0
Case,7aa1ea32-8764-4852-ad4c-5a54a7e38a68,INVALID_MAX_COOLER_HEIGHT,0.0
Case,907fb498-c61e-4d4c-adac-da9996f2970b,INVALID_MAX_GPU_LENGTH,0.0
Case,907fb498-c61e-4d4c-adac-da9996f2970b,INVALID_MAX_COOLER_HEIGHT,0.0
Case,c4e7473e-66bb-48fa-b558-2c39c213c65e,INVALID_MAX_COOLER_HEIGHT,0.0
Case,ecbd2d85-c520-4e68-b6be-36b8cb2ad9da,INVALID_MAX_GPU_LENGTH,0.0
Case,ecbd2d85-c520-4e68-b6be-36b8cb2ad9da,INVALID_MAX_COOLER_HEIGHT,0.0
