opendb_id,name,manufacturer,ram_type,speed_mhz,capacity_gb,module_capacity_gb,module_quantity,cas_latency,voltage,ecc,registered,form_factor,total_capacity_check,speed_score
54b35a59-221b-47a9-85d8-a032c1151ca5,G.Skill Trident Z5 Neo RGB 128GB (2x64GB) DDR5-6000 CL32 Black,G.SKILL,DDR5,6000.0,128.0,64.0,2,32.0,1.4,non-ecc,unbuffered,288-pin DIMM,128.0,187.5
fbc5b7a1-6a89-4a21-8313-4b6e846d49e3,G.Skill Flare X5 256GB (4x64GB) DDR5 6000 CL34 Black,G.SKILL,DDR5,6000.0,256.0,64.0,4,34.0,1.35,non-ecc,unbuffered,288-pin DIMM,256.0,176.4706
842444ab-12cc-48b9-9820-75445feaf5f6,G.Skill Trident Z5 Neo RGB 32GB (2x16GB) DDR5 6000 CL30 White,G.SKILL,DDR5,6000.0,32.0,16.0,2,30.0,1.35,non-ecc,unbuffered,288-pin DIMM,32.0,200.0
ab0459ad-2cb8-412d-838b-edef0bc30180,Corsair Vengeance RGB 128GB (2x64GB) DDR5 6400 CL42 Black,Corsair,DDR5,6400.0,128.0,64.0,2,42.0,1.35,non-ecc,unbuffered,288-pin DIMM,128.0,152.381
3e10b532-73f4-43c9-89ba-f7c9c89e75c4,G.Skill Trident Z5 Neo RGB 256GB (4x64GB) DDR5 6000 CL36 Black,G.SKILL,DDR5,6000.0,256.0,64.0,4,36.0,1.25,non-ecc,unbuffered,288-pin DIMM,256.0,166.6667
ca2a167c-ea4a-42d0-a45e-250bb44b74e9,G.Skill Flare X5 256GB (4x64GB) DDR5 6000 CL36 Black,G.SKILL,DDR5,6000.0,256.0,64.0,4,36.0,1.25,non-ecc,unbuffered,288-pin DIMM,256.0,166.6667
87c2e63c-6d6d-4cf5-b0f6-8f80d60e860a,Corsair Vengeance RGB 32GB (2x16GB) DDR5 6000 CL30 Black,Corsair,DDR5,6000.0,32.0,16.0,2,30.0,1.4,non-ecc,unbuffered,288-pin DIMM,32.0,200.0
df44f9e3-55b3-4986-9d5e-cf3483dbeb1b,Corsair Vengeance RGB 64GB (2x32GB) DDR5 6000 CL30 White,Corsair,DDR5,6000.0,64.0,32.0,2,30.0,1.4,non-ecc,unbuffered,288-pin DIMM,64.0,200.0
c9b24fb1-7687-4327-939f-8673509a6951,VENGEANCE® RGB PRO 16GB (2 x 8GB) DDR4 DRAM 3200MHz C16 Memory Kit — Black,Corsair,DDR4,3200.0,16.0,8.0,2,18.0,1.35,non-ecc,unbuffered,288-pin DIMM,16.0,177.7778
9e863f7c-abf4-470a-83a8-7d553666c134,GIGASTONE Game PRO 32GB Kit (2x16GB) DDR4-3200MHz PC4-25600 CL16-20-20-40 Intel XMP 2.0 AMD Ryzen 1.35V UDIMM 288 Pin Unbuffered Non ECC High Performance Gaming Desktop Memory - White,Gigastone,DDR4,3200.0,32.0,16.0,2,16.0,1.35,non-ecc,unbuffered,288-pin DIMM,32.0,200.0
b51d5294-e532-4a91-b456-6ec85b881e39,Gigabyte Aorus RGB 16GB (2 x 8GB) DDR4 3600MHz CL18 Dual Channel Kit w/2x Demo Kits - GP-AR36C18S8K2HU416R,GIGABYTE,DDR4,3600.0,16.0,8.0,2,18.0,1.35,non-ecc,unbuffered,288-pin DIMM,16.0,200.0
1ddcc5c5-bfb0-4742-aaba-51405e08c283,CORSAIR VENGEANCE RGB PRO DDR4 RAM 16GB (2x8GB) 3200MHz CL16-18-18-36 1.35V Intel AMD Desktop Computer Memory - Black (CMW16GX4M2C3200C16),Corsair,DDR4,3200.0,16.0,8.0,2,16.0,1.35,non-ecc,unbuffered,288-pin DIMM,16.0,200.0
1693ade8-baa6-4635-86ec-ef3af308cbe4,Kingston FURY Beast 16GB (2x8GB) DDR4 3200 CL16 Black,Kingston,DDR4,3200.0,16.0,8.0,2,16.0,1.35,non-ecc,unbuffered,288-pin DIMM,16.0,200.0
38b0687e-02a1-4863-b1b3-af0eab884a05,Kingston FURY Beast 32GB (2x16GB) DDR4 3200 CL16 Black,Kingston,DDR4,3200.0,32.0,16.0,2,16.0,1.35,non-ecc,unbuffered,288-pin DIMM,32.0,200.0
2cadfa08-edbf-4f20-9bbd-adf05ddcb212,Corsair Vengeance RGB Pro SL 32GB (2x16GB) DDR4 3600 CL18 Black,Corsair,DDR4,3600.0,32.0,16.0,2,18.0,1.35,non-ecc,unbuffered,288-pin DIMM,32.0,200.0
de9f2218-f94c-4f80-a43b-bd7170ac9615,TeamGroup T-Force DELTA RGB 64GB (2x32GB) DDR4 3000 CL16 Black,TEAMGROUP,DDR4,3000.0,64.0,32.0,2,16.0,1.35,non-ecc,unbuffered,288-pin DIMM,64.0,187.5
c013fa0f-d9af-4aa8-980b-3c88a8e02682,Crucial Pro 32GB (16GBx2) DDR5-6400 CL32 White,Crucial,DDR5,6400.0,32.0,16.0,2,32.0,1.35,non-ecc,unbuffered,288-pin DIMM,32.0,200.0
b53c2a06-a768-4af4-a850-3c3910557032,Crucial Pro Overclocking 32GB (2x16) DDR5 6400 CL32 Black,Crucial,DDR5,6400.0,32.0,16.0,2,32.0,1.35,ecc,unbuffered,288-pin DIMM,32.0,200.0
fbf4f018-5b23-4b73-8c38-934e300306a3,Crucial CT2K64G56C46U5 128GB (2x64GB) DDR5-5600 CL46 Black,Crucial,DDR5,5600.0,128.0,64.0,2,46.0,1.1,non-ecc,unbuffered,288-pin DIMM,128.0,121.7391
fa86fafc-dd93-45d6-a187-c5fd71043695,ADATA XPG LANCER NEON RGB DDR5-6000 32 (2x16GB) CL30 Silver Grey,ADATA,DDR5,6000.0,32.0,16.0,2,30.0,1.4,non-ecc,unbuffered,288-pin DIMM,32.0,200.0
f50697c2-e1f3-46da-8a2a-2143400512ac,TEAMGROUP T-Force Delta RGB 48GB (2x24GB) DDR5-8000 CL38 Black,TEAMGROUP,DDR5,8000.0,48.0,24.0,2,38.0,1.4,non-ecc,unbuffered,288-pin DIMM,48.0,210.5263
f3c2835c-e71d-493d-b431-c6eafe4e3201,TEAMGROUP T-Create Expert 48GB (2x24GB) DDR5-7600 CL36 White,TEAMGROUP,DDR5,7600.0,48.0,24.0,2,36.0,1.4,non-ecc,unbuffered,288-pin DIMM,48.0,211.1111
ef29d4c6-3a70-42cc-9952-34d38eeed6ad,ADATA XPG ARMAX DDR5-6000 32 (2x16GB) CL30 Black,ADATA,DDR5,6000.0,32.0,16.0,2,30.0,1.4,non-ecc,unbuffered,288-pin DIMM,32.0,200.0
e5d3228b-4420-4ce8-af62-f84f690c8e43,G.Skill Trident Z5 Neo RGB 256GB (4x64GB) DDR5-6000 CL32 Matte Black,G.SKILL,DDR5,6000.0,256.0,64.0,4,32.0,1.4,non-ecc,unbuffered,288-pin DIMM,256.0,187.5
e2986b02-2c23-42e2-af91-1d2447ed88f9,ADATA XPG ARMAX RGB DDR5-6400 16 (1x16GB) CL32 Black,ADATA,DDR5,6400.0,16.0,16.0,1,32.0,1.4,non-ecc,unbuffered,288-pin DIMM,16.0,200.0
dfcdaaff-7fa6-4741-ad94-09ef5f23ab85,ADATA XPG LANCER NEON RGB DDR5-6000 16 (1x16GB) CL30 Silver Grey,ADATA,DDR5,6000.0,16.0,16.0,1,30.0,1.4,non-ecc,unbuffered,288-pin DIMM,16.0,200.0
d13874c3-c1ac-4f9a-9875-e7263de433d7,ADATA XPG ARMAX DDR5-6400 32 (2x16GB) CL32 Black,ADATA,DDR5,6400.0,32.0,16.0,2,32.0,1.4,non-ecc,unbuffered,288-pin DIMM,32.0,200.0
cb38e66b-936d-4105-af8e-731aac56e4ac,Crucial Pro Overclocking 64GB (2x32GB) DDR5-6400 CL40 Black,Crucial,DDR5,6400.0,64.0,32.0,2,40.0,,non-ecc,unbuffered,288-pin DIMM,64.0,160.0
c79086bc-ac86-45fc-b2e4-aa0cc9d01841,ADATA XPG ARMAX RGB DDR5-6000 32 (2x16GB) CL30 Black,ADATA,DDR5,6000.0,32.0,16.0,2,30.0,1.4,non-ecc,unbuffered,288-pin DIMM,32.0,200.0
c4906ba0-30fc-4640-892f-6181a79cfe41,TEAMGROUP T-Force Delta RGB 48GB (2x24GB) DDR5-7600 CL36 Black,TEAMGROUP,DDR5,7600.0,48.0,24.0,2,36.0,1.4,non-ecc,unbuffered,288-pin DIMM,48.0,211.1111
c3cb68f3-b4ef-4f55-8372-41c0084f298a,G.Skill Flare X5 128GB (2x64GB) DDR5-6000 CL32 Black,G.SKILL,DDR5,6000.0,128.0,64.0,2,32.0,1.4,non-ecc,unbuffered,288-pin DIMM,128.0,187.5
ba1a9828-07a5-49e1-b55d-a01f2778a03b,TEAMGROUP T-Force Delta RGB 48GB (2x24GB) DDR5-8200 CL38 Black,TEAMGROUP,DDR5,8200.0,48.0,24.0,2,38.0,1.4,non-ecc,unbuffered,288-pin DIMM,48.0,215.7895
b31c44ba-e84d-403c-8b9d-e410d3d6232e,G.Skill Flare X5 128GB (2x64GB) DDR5-6000 CL36 Black,G.SKILL,DDR5,6000.0,128.0,64.0,2,36.0,1.25,non-ecc,unbuffered,288-pin DIMM,128.0,166.6667
b01f1ecd-82a6-497b-9a48-76022002f494,TEAMGROUP T-Create Expert 64GB (2x32GB) DDR5-6400 CL30 Black / Gold,TEAMGROUP,DDR5,6400.0,64.0,32.0,2,30.0,1.4,non-ecc,unbuffered,288-pin DIMM,64.0,213.3333
a4d6d620-9186-40ef-ae7b-4998c2a26286,ADATA XPG ARMAX DDR5-6400 16 (1x16GB) CL32 Black,ADATA,DDR5,6400.0,16.0,16.0,1,32.0,1.4,non-ecc,unbuffered,288-pin DIMM,16.0,200.0
a12956df-ea5e-4601-9896-48d201245852,ADATA XPG ARMAX RGB DDR5-6000 16 (1x16GB) CL30 Black,ADATA,DDR5,6000.0,16.0,16.0,1,30.0,1.4,non-ecc,unbuffered,288-pin DIMM,16.0,200.0
9db4bf1d-8c36-4631-90cb-1a174336a064,TEAMGROUP T-Create Expert 96GB (2x48GB) DDR5-6800 CL36 Black,TEAMGROUP,DDR5,6800.0,96.0,48.0,2,36.0,1.4,non-ecc,unbuffered,288-pin DIMM,96.0,188.8889
9a897e8e-84a3-4e03-9834-5313b8270eba,Biwin Black Opal DW100 RGB DDR5-6000 CL30 32GB (2x16GB),Biwin,DDR5,6000.0,32.0,16.0,2,30.0,1.35,non-ecc,unbuffered,288-pin DIMM,32.0,200.0
99807b86-a68c-4294-9d7b-3dbd6e5d3a9c,ADATA XPG ARMAX DDR5-6000 64 (2x32GB) CL30 Black,ADATA,DDR5,6000.0,64.0,32.0,2,30.0,1.4,non-ecc,unbuffered,288-pin DIMM,64.0,200.0
90503a69-c0b2-42d4-8599-0446214bed85,ADATA XPG ARMAX RGB DDR5-6400 32 (2x16GB) CL38 Black,ADATA,DDR5,6400.0,32.0,16.0,2,38.0,1.35,non-ecc,unbuffered,288-pin DIMM,32.0,168.4211
7b317f16-4c8e-4778-aec6-2313a48529ac,G.Skill Flare X5 128GB (2x64GB) DDR5-6000 CL34 Black,G.SKILL,DDR5,6000.0,128.0,64.0,2,34.0,1.35,non-ecc,unbuffered,288-pin DIMM,128.0,176.4706
793fbd8a-cb32-4b7d-a238-996831b98ab3,ADATA XPG ARMAX DDR5-5600 32 (2x16GB) CL46 Black,ADATA,DDR5,5600.0,32.0,16.0,2,46.0,1.1,non-ecc,unbuffered,288-pin DIMM,32.0,121.7391
68b22248-482d-44a3-a919-963fe2721a00,ADATA XPG ARMAX RGB DDR5-6000 32 (1x32GB) CL30 Black,ADATA,DDR5,6000.0,32.0,32.0,1,30.0,1.4,non-ecc,unbuffered,288-pin DIMM,32.0,200.0
651c6dce-de89-4380-add4-4b2de1dacc5a,Biwin Black Opal DW100 RGB Black DDR5-8200 CL36 32GB (2x16GB),Biwin,DDR5,8200.0,32.0,16.0,2,36.0,1.45,non-ecc,unbuffered,288-pin DIMM,32.0,227.7778
5efc7454-6338-45e3-8b8b-b764b2cabe1d,Biwin Black RGB White DDR5-6000 CL30 32GB (2x16GB),Biwin,DDR5,6000.0,32.0,16.0,2,30.0,1.35,non-ecc,unbuffered,288-pin DIMM,32.0,200.0
4d26e1fa-27cc-4ee2-8eb1-68efc2b703f1,G.Skill Flare X5 256GB (4x64GB) DDR5-6000 CL32 Black,G.SKILL,DDR5,6000.0,256.0,64.0,4,32.0,1.4,non-ecc,unbuffered,288-pin DIMM,256.0,187.5
3f274693-c144-48e9-9cb8-e1c564c2d35d,ADATA XPG ARMAX RGB DDR5-6400 32 (2x16GB) CL32 Black,ADATA,DDR5,6400.0,32.0,16.0,2,32.0,1.4,non-ecc,unbuffered,288-pin DIMM,32.0,200.0
3ccbb79f-2ab4-462a-bf30-54398bccf2a7,ADATA XPG ARMAX DDR5-5600 16 (1x16GB) CL46 Black,ADATA,DDR5,5600.0,16.0,16.0,1,46.0,1.1,non-ecc,unbuffered,288-pin DIMM,16.0,121.7391
3c985a96-c902-45b1-87f8-461eafc2290f,ADATA XPG ARMAX DDR5-6000 16 (1x16GB) CL30 Black,ADATA,DDR5,6000.0,16.0,16.0,1,30.0,1.4,non-ecc,unbuffered,288-pin DIMM,16.0,200.0
345b6b45-a52c-46c8-89bd-2f2198c14e78,ADATA XPG ARMAX DDR5-6000 32 (1x32GB) CL30 Black,ADATA,DDR5,6000.0,32.0,32.0,1,30.0,1.4,non-ecc,unbuffered,288-pin DIMM,32.0,200.0
