opendb_id,name,manufacturer,chipset,chipset_manufacturer,memory_gb,memory_type,core_count,base_clock,boost_clock,tdp,length_mm,slot_width,expansion_slots_required,interface,power_12vhpwr,power_12v_2x6,power_6_pin,power_8_pin,radiator_size_mm,clock_gain,compute_score,performance_per_watt
51ed9122-30c4-44c7-94c5-7e412444f05c,MSI GeForce RTX 5070 Ti 16G FRIEREN EDITION OC,MSI,GeForce RTX 5070 Ti,NVIDIA,16.0,GDDR7,8960,2295.0,2572.0,300.0,338.0,2.5,2.0,PCIe 5.0 x16,0,1,0,0,,277.0,23045120.0,76817.0667
be5f1f51-b099-4ab5-97a2-226d6ebb8e05,MSI GeForce RTX 5070 12G World of Warcraft MIDNIGHT LIGHT EDITION OC GDDR7,MSI,GeForce RTX 5070,NVIDIA,12.0,GDDR7,6144,2325.0,2610.0,250.0,338.0,2.5,2.0,PCIe 5.0 x16,0,1,0,0,,285.0,16035840.0,64143.36
10a0a665-b862-4ea9-8719-0d20efd29288,MSI GeForce RTX 5070 12G World of Warcraft MIDNIGHT VOID EDITION OC GDDR7,MSI,GeForce RTX 5070,NVIDIA,12.0,GDDR7,6144,2325.0,2610.0,250.0,338.0,3.0,2.0,PCIe 5.0 x16,0,1,0,0,,285.0,16035840.0,64143.36
fc179732-178a-47fe-bf2f-f592b34af8aa,MSI GeForce RTX 5090 32G LIGHTNING Z,MSI,GeForce RTX 5090,NVIDIA,32.0,GDDR7,21760,2017.0,2775.0,1000.0,260.0,3.0,2.0,PCIe 5.0 x16,,2,,,360.0,758.0,60384000.0,60384.0
fa6c8561-77a8-4228-832f-612165c4e0f9,PNY GeForce RTX 5070 Ti Slim Dual Fan,PNY,GeForce RTX 5070 Ti,NVIDIA,16.0,GDDR7,8960,2295.0,2452.0,300.0,290.0,2.0,2.0,PCIe 5.0 x16,,1,,,,157.0,21969920.0,73233.0667
f404d840-6a12-4807-8d35-dfcf3112d48e,XFX Swift Radeon RX 9070 GRE White Triple Fan Gaming Edition 12GB GDDR6,XFX,Radeon RX 9070 GRE,AMD,12.0,GDDR6,3072,1420.0,2790.0,220.0,301.0,2.0,2.0,PCIe 5.0 x16,0,0,0,2,,1370.0,8570880.0,38958.5455
ec0c56c4-942b-4a43-bcd6-fc5df3508344,MSI GeForce RTX 5060 8G GAMING OC V1,MSI,GeForce RTX 5060,NVIDIA,8.0,GDDR7,3840,2280.0,2587.0,150.0,248.0,2.0,2.0,PCIe 5.0 x8,,,,1,,307.0,9934080.0,66227.2
d3fe632b-c51c-432b-923f-79a08296cb66,PowerColor Reaper Radeon RX 9070 GRE 12GB GDDR6,PowerColor,Radeon RX 9070 GRE,AMD,12.0,GDDR6,3072,1420.0,2790.0,220.0,289.0,2.0,2.0,PCIe 5.0 x16,0,0,0,2,,1370.0,8570880.0,38958.5455
cb3378c7-22dd-4e05-82f2-9ad16dba3aca,Sapphire PULSE Radeon RX 9070 GRE OC 12GB GDDR6,Sapphire,Radeon RX 9070 GRE,AMD,12.0,GDDR6,3072,1420.0,2920.0,240.0,280.0,2.5,2.0,PCIe 5.0 x16,0,0,0,2,,1500.0,8970240.0,37376.0
c54ff3fc-6ae0-460b-b733-298cef10a721,PNY GeForce RTX 5080 Dual-Fan Slim OC,PNY,GeForce RTX 5080,NVIDIA,16.0,GDDR7,10752,2295.0,2730.0,360.0,300.0,2.0,2.0,PCIe 5.0 x16,,1,,,,435.0,29352960.0,81536.0
c146b1ae-581a-4143-9fff-69bfa85d2afa,MSI GeForce RTX 5080 16G The Mandalorian and Grogu Edition OC,MSI,GeForce RTX 5080,NVIDIA,16.0,GDDR7,10752,2295.0,2700.0,360.0,304.0,2.5,2.0,PCIe 5.0 x16,,,,1,,405.0,29030400.0,80640.0
bc965032-5bc0-4c9b-93d9-78134375de51,PNY GeForce RTX 5070 Dual-Fan Slim Overclocked,PNY,GeForce RTX 5070,NVIDIA,12.0,GDDR7,6144,2325.0,2587.0,250.0,290.0,2.0,2.0,PCIe 5.0 x16,,1,,,,262.0,15894528.0,63578.112
930cc7fd-1afa-4fec-8046-e6b1e8558ff2,Gigabyte GAMING OC Radeon RX 9070 GRE 12GB GDDR6,Gigabyte,Radeon RX 9070 GRE,AMD,12.0,GDDR6,3072,1420.0,2920.0,220.0,288.0,2.5,2.0,PCIe 5.0 x16,,,,2,,1500.0,8970240.0,40773.8182
7bb541f8-cb24-48d1-a040-2f86ab67798f,ASUS PRIME GeForce RTX 5080 EVO 16GB GDDR7 OC Edition,ASUS,GeForce RTX 5080,NVIDIA,16.0,GDDR7,10752,2295.0,2685.0,360.0,304.0,2.0,2.0,PCIe 5.0 x16,,1,,,,390.0,28869120.0,80192.0
7799c1a8-edc9-4fe2-9a61-84dc58381819,PNY GeForce RTX 5080 Slim Dual Fan,PNY,GeForce RTX 5080,NVIDIA,16.0,GDDR7,10752,2295.0,2617.0,360.0,300.0,2.0,2.0,PCIe 5.0 x16,,1,,,,322.0,28137984.0,78161.0667
73859ad3-23bf-479b-b78b-8a993c7ca7ce,Intel Arc Pro B70 Single-Fan 32GB,Intel,Arc Pro B70,Intel,32.0,GDDR6,4096,2280.0,2800.0,230.0,266.7,2.0,2.0,PCIe 5.0 x16,,,,1,,520.0,11468800.0,49864.3478
68459274-3b94-4d14-8131-d6e71e2f73d1,ASRock Steel Legend Dark Radeon RX 9070 GRE 12GB GDDR6 OC,ASRock,Radeon RX 9070 GRE,AMD,12.0,GDDR6,3072,1420.0,2920.0,220.0,298.0,2.9,2.0,PCIe 5.0 x16,0,0,0,2,,1500.0,8970240.0,40773.8182
65c0e509-945e-4296-925b-ef9eff488ce8,MSI GeForce RTX 5060 8G GAMING V1,MSI,GeForce RTX 5060,NVIDIA,8.0,GDDR7,3840,2280.0,2497.0,150.0,248.0,2.0,2.0,PCIe 5.0 x8,,,,1,,217.0,9588480.0,63923.2
5f99572f-641c-4ac5-b7f9-5af18436740e,PowerColor Red Devil Radeon RX 9070 GRE 12GB GDDR6 OC,PowerColor,Radeon RX 9070 GRE,AMD,12.0,GDDR6,3072,1420.0,2920.0,220.0,340.0,3.0,2.0,PCIe 5.0 x16,0,0,0,2,,1500.0,8970240.0,40773.8182
34f237e4-a163-4be7-bfbc-fa464390f225,PNY GeForce RTX 5070 Ti Dual-Fan Slim Overclocked,PNY,GeForce RTX 5070 Ti,NVIDIA,16.0,GDDR7,8960,2295.0,2572.0,300.0,290.0,2.0,2.0,PCIe 5.0 x16,,1,,,,277.0,23045120.0,76817.0667
343ec5df-fb34-440a-a500-b207250e9672,PowerColor Hellhound Radeon RX 9070 GRE 12GB GDDR6 OC,PowerColor,Radeon RX 9070 GRE,AMD,12.0,GDDR6,3072,1420.0,2860.0,220.0,327.0,2.0,2.0,PCIe 5.0 x16,0,0,0,2,,1440.0,8785920.0,39936.0
2186d1b3-37e2-4ee1-8e7f-14afd72085be,PNY GeForce RTX 5070 Slim Dual Fan,PNY,GeForce RTX 5070,NVIDIA,12.0,GDDR7,6144,2325.0,2512.0,250.0,290.0,2.0,2.0,PCIe 5.0 x16,,1,,,,187.0,15433728.0,61734.912
20c1c636-5759-4c49-9d2a-f0d2add60e26,ASRock AMD Radeon RX 9070 XT Taichi White 16GB OC,ASRock,Radeon RX 9070 XT,AMD,16.0,GDDR6,4096,1660.0,3100.0,304.0,330.0,3.0,3.0,PCIe 5.0 x16,,1,,,,1440.0,12697600.0,41768.4211
0d1e0d7d-9aea-448d-8705-4f493a44192b,XFX Swift Radeon RX 9070 GRE Black Triple Fan Gaming Edition 12GB GDDR6,XFX,Radeon RX 9070 GRE,AMD,12.0,GDDR6,3072,1420.0,2790.0,220.0,301.0,2.0,2.0,PCIe 5.0 x16,0,0,0,2,,1370.0,8570880.0,38958.5455
00890b77-f531-4d1e-8f5e-0de1dfd7755e,Asus Prime Radeon RX 9070 GRE EVO OC Edition 12GB GDDR6,ASUS,Radeon RX 9070 GRE,AMD,12.0,GDDR6,3072,1420.0,2860.0,220.0,304.0,2.5,2.0,PCIe 5.0 x16,0,0,0,2,,1440.0,8785920.0,39936.0
d26db0cf-ec58-453a-ae6d-b997cfa8df5a,MSI INSPIRE 2X OC GeForce RTX 5060 Ti 16GB GDDR7,MSI,GeForce RTX 5060 Ti 16 GB,NVIDIA,16.0,GDDR7,4608,2407.0,2617.0,180.0,204.0,2.0,2.0,PCIe 5.0 x8,0,0,0,1,,210.0,12059136.0,66995.2
4a180a98-d9cb-41d7-b0e8-08bd18d1af05,Gigabyte GeForce RTX 5060 WINDFORCE MAX OC 8G,Gigabyte,GeForce RTX 5060,NVIDIA,8.0,GDDR7,3840,2280.0,2512.0,145.0,199.0,2.0,2.0,PCIe 5.0 x8,0,0,0,1,,232.0,9646080.0,66524.6897
d1c186da-3555-4510-b28f-d37bdd039831,Gigabyte GeForce RTX 5060 Ti WINDFORCE MAX 16G,Gigabyte,GeForce RTX 5060 Ti,NVIDIA,16.0,GDDR7,3840,2280.0,2572.0,180.0,208.0,2.0,2.0,PCIe 5.0 x8,,,,1,,292.0,9876480.0,54869.3333
ffad6066-c92e-4702-9e4c-9ea76a6e123b,GIGABYTE GeForce RTX 5060 Ti WINDFORCE MAX OC 8GB GDDR7,Gigabyte,GeForce RTX 5060 Ti,NVIDIA,8.0,GDDR7,4608,2407.0,2587.0,180.0,208.0,2.0,2.0,PCIe 5.0 x8,0,0,0,1,,180.0,11920896.0,66227.2
435657bc-e693-4ed6-a353-cad3a7487769,Gigabyte GeForce RTX 5060 Ti WINDFORCE MAX 8G,Gigabyte,GeForce RTX 5060 Ti,NVIDIA,8.0,GDDR7,4608,2280.0,2572.0,180.0,208.0,2.0,2.0,PCIe 5.0 x8,,,,1,,292.0,11851776.0,65843.2
7d80cd7e-4559-4c80-8526-145fde1194b9,GIGABYTE GeForce RTX 5060 Ti WINDFORCE 8G GDDR7,Gigabyte,GeForce RTX 5060 Ti,NVIDIA,8.0,GDDR7,4608,2407.0,2572.0,180.0,208.0,2.0,2.0,PCIe 5.0 x8,0,0,0,1,,165.0,11851776.0,65843.2
8dfe4c87-aed4-403e-8fb7-cb8bae9f5a67,GIGABYTE GeForce RTX 5060 Ti WINDFORCE OC 8G GDDR7,Gigabyte,GeForce RTX 5060 Ti,NVIDIA,8.0,GDDR7,4608,2407.0,2587.0,180.0,208.0,2.0,2.0,PCIe 5.0 x8,0,0,0,1,,180.0,11920896.0,66227.2
a837f3b1-54b1-41ee-af0d-61318f7a5a47,GIGABYTE GeForce RTX 5060 Ti WINDFORCE 16G GDDR7,Gigabyte,GeForce RTX 5060 Ti 16 GB,NVIDIA,16.0,GDDR7,4608,2407.0,2572.0,180.0,208.0,2.0,2.0,PCIe 5.0 x8,0,0,0,1,,165.0,11851776.0,65843.2
6b6892c3-21aa-45b9-8ca5-cb2ac0ed62bc,Gigabyte WINDFORCE OC GeForce RTX 5060 Ti 16GB GDDR7,Gigabyte,GeForce RTX 5060 Ti 16 GB,NVIDIA,16.0,GDDR7,4608,2407.0,2587.0,180.0,208.0,2.0,2.0,PCIe 5.0 x8,0,0,0,1,,180.0,11920896.0,66227.2
d8048693-437a-421c-a1cb-3e0576e1f750,GIGABYTE GeForce RTX 5060 WINDFORCE MAX 8G GDDR7,Gigabyte,GeForce RTX 5060,NVIDIA,8.0,GDDR7,3840,2280.0,2497.0,145.0,199.0,2.0,2.0,PCIe 5.0 x8,0,0,0,1,,217.0,9588480.0,66127.4483
5fc9f366-b8e5-4646-98c5-fa17f2e891b7,GIGABYTE GeForce RTX 5060 WINDFORCE 8G GDDR7,Gigabyte,GeForce RTX 5060,NVIDIA,8.0,GDDR7,3840,2280.0,2497.0,145.0,199.0,2.0,2.0,PCIe 5.0 x8,0,0,0,1,,217.0,9588480.0,66127.4483
3ed49cbc-023e-41f4-bdde-854df4d674c2,Gigabyte WINDFORCE OC GeForce RTX 5060 8GB GDDR7,Gigabyte,GeForce RTX 5060,NVIDIA,8.0,GDDR7,3840,2280.0,2512.0,145.0,199.0,2.0,2.0,PCIe 5.0 x8,0,0,0,1,,232.0,9646080.0,66524.6897
348a21fe-e370-4235-b232-0ce4ec566dab,NVIDIA RTX PRO 6000 Blackwell Workstation Edition 96GB GDDR7,NVIDIA,RTX PRO 6000 Blackwell,NVIDIA,96.0,GDDR7,24064,1590.0,2617.0,600.0,304.0,2.0,2.0,PCIe 5.0 x16,0,1,0,0,,1027.0,62975488.0,104959.1467
cd973deb-0d12-4cf1-9cc6-23c4c012d6c6,ASUS Dual GeForce RTX 5060 Ti 8GB GDDR7 OC Edition,ASUS,GeForce RTX 5060 Ti,NVIDIA,8.0,GDDR7,4608,2407.0,2602.0,180.0,229.0,2.5,2.0,PCIe 5.0 x8,0,0,0,1,,195.0,11990016.0,66611.2
540e4e1f-5c57-4f8e-9288-e85c3fbf0fd7,MSI GeForce RTX 5050 8G VENTUS 2X OC GDDR6,MSI,GeForce RTX 5050,NVIDIA,8.0,GDDR6,2560,2317.0,2602.0,130.0,197.0,2.05,2.0,PCIe 5.0 x8,0,0,0,1,,285.0,6661120.0,51239.3846
55be5edb-dad5-4724-8519-7fc0dec87435,ASUS Dual RTX 5070 EVO OC,ASUS,GeForce RTX 5070,NVIDIA,12.0,GDDR7,6144,2325.0,2572.0,250.0,229.0,3.0,2.0,PCIe 5.0 x16,,1,,,,247.0,15802368.0,63209.472
124d272b-02bc-4e79-89da-72c35e456992,ASUS Dual GeForce RTX 5070 EVO 12GB GDDR7,ASUS,GeForce RTX 5070,NVIDIA,12.0,GDDR7,6144,2325.0,2512.0,250.0,229.0,2.5,2.0,PCIe 5.0 x16,0,1,0,0,,187.0,15433728.0,61734.912
4632739e-129b-42d9-ade0-5909a6a7c80e,Gigabyte Radeon RX 9060 XT GAMING OC ICE 16G GDDR6,Gigabyte,Radeon RX 9060 XT 16 GB,AMD,16.0,GDDR6,2048,1900.0,3320.0,160.0,281.0,2.0,2.0,PCIe 5.0 x16,0,0,0,1,,1420.0,6799360.0,42496.0
23c7cf5a-33c6-4cef-a39e-d9ff46b4399b,Gigabyte Radeon RX 9070 XT GAMING OC ICE 16G,Gigabyte,Radeon RX 9070 XT,AMD,16.0,GDDR6,4096,1660.0,2520.0,330.0,288.0,2.7,2.0,PCIe 5.0 x16,0,0,0,3,,860.0,10321920.0,31278.5455
210bf4ea-2872-4a7a-bbd5-c2dcb15ce3fd,MSI GeForce RTX 5090 32G VENTUS 3X GDDR7,MSI,GeForce RTX 5090,NVIDIA,32.0,GDDR7,21760,2017.0,2407.0,575.0,325.0,3.35,3.0,PCIe 5.0 x16,0,1,0,0,,390.0,52376320.0,91089.2522
c4be19f3-f5a5-4fc7-be68-d8db5b996360,MSI GeForce RTX 5090 32G VENTUS 3X OC GDDR7,MSI,GeForce RTX 5090,NVIDIA,32.0,GDDR7,21760,2017.0,2437.0,575.0,325.0,3.35,3.0,PCIe 5.0 x16,0,1,0,0,,420.0,53029120.0,92224.5565
1f377fb3-9ff1-49f7-9ac0-91c07f067828,MSI GeForce RTX 5090 32G VANGUARD SOC GDDR7,MSI,GeForce RTX 5090,NVIDIA,32.0,GDDR7,21760,2017.0,2512.0,575.0,357.0,3.8,2.0,PCIe 5.0 x16,0,1,0,0,,495.0,54661120.0,95062.8174
10938d3c-28dd-47c2-a97c-2810195ba0cd,MSI SUPRIM SOC GeForce RTX 5090 32 GB GDDR7,MSI,GeForce RTX 5090,NVIDIA,32.0,GDDR7,21760,2017.0,2565.0,575.0,359.0,3.8,2.0,PCIe 5.0 x16,0,1,0,0,,548.0,55814400.0,97068.5217
91ed58a8-893f-4b18-bec4-79bc7e3ac834,MSI GeForce RTX 5090 32G GAMING TRIO 32GB GDDR7,MSI,GeForce RTX 5090,NVIDIA,32.0,GDDR7,21760,2017.0,2407.0,575.0,359.0,3.5,2.0,PCIe 5.0 x16,0,1,0,0,,390.0,52376320.0,91089.2522
2dde33c6-4c73-4b03-b566-bf65b850feca,MSI GeForce RTX 5080 16G VENTUS 3X BLACK OC,MSI,GeForce RTX 5080,NVIDIA,16.0,GDDR7,10752,2295.0,2640.0,360.0,303.0,2.45,2.0,PCIe 5.0 x16,0,1,0,0,,345.0,28385280.0,78848.0
