opendb_id,name,manufacturer,socket,microarchitecture,memory_type,cores_total,threads,base_clock,boost_clock,tdp,clock_gain,threads_per_core,performance_score
007a5a23-1e12-45b7-90d0-565b80876539,AMD Ryzen Threadripper 9980X,AMD,STR5,Zen 5,DDR5,64,128,3.2,5.4,350.0,2.2,2.0,345.6
016d1180-e254-43da-ad22-67895ac633b6,Intel Xeon E5 1650 V3 OEM/Tray 3.5 GHz 6-Core LGA2011-3,Intel,LGA2011,Haswell,,6,12,3.5,3.8,140.0,0.3,2.0,22.8
019f71b2-930f-4546-8496-5947f1ef06cb,Intel Xeon E3 1245 V5 OEM/Tray 3.5 GHz 4-Core LGA1151,Intel,LGA1151,Skylake,,4,8,3.5,3.9,80.0,0.4,2.0,15.6
01ad7eaa-17b3-46d8-a57b-3fcc7e513ad7,Intel Xeon E5-2660 v4,Intel,LGA2011,Broadwell,DDR4,14,28,2.0,3.2,105.0,1.2,2.0,44.8
01b18e41-6a82-45f2-ab4c-5f08e7983406,Intel Core i5 6400T OEM/Tray,Intel,LGA1151,Skylake,DDR4,4,4,2.2,2.8,35.0,0.6,1.0,11.2
01c38047-7ff9-4c99-9e81-402b8aa3bb58,Intel Core i9 13900T OEM/Tray,Intel,LGA1700,Raptor Lake,DDR5,24,32,1.1,5.3,35.0,4.2,1.33,127.2
02241621-930c-4c48-bcf9-dfb1b3a3061a,Intel Core i5 7600T,Intel,LGA1151,Kaby Lake,DDR4,4,4,2.8,3.7,35.0,0.9,1.0,14.8
0240f7db-68e5-4aac-9438-41d2f12ec15a,Intel Core i5 14400F,Intel,LGA1700,Raptor Lake Refresh,DDR5,10,16,2.5,4.7,65.0,2.2,1.6,47.0
0271c2f7-4b7c-4870-972a-3f941cb15eb4,Intel Core i7 7700K,Intel,LGA1151,Kaby Lake,DDR4,4,8,4.2,4.5,91.0,0.3,2.0,18.0
027a11fe-1453-496a-a50b-33824cc8e3fd,AMD Ryzen Threadripper 1900X,AMD,TR4,Zen,DDR4,8,16,3.8,4.0,180.0,0.2,2.0,32.0
02d39666-7470-44e0-ab3a-0e7a1d24ebd6,Intel Core i7 Extreme 6950X 3 GHz 10-Core LGA2011-3,Intel,LGA2011,Broadwell,,10,20,3.0,3.5,140.0,0.5,2.0,35.0
030231d4-b07e-4bf5-b674-ad88f361655d,Intel Xeon E-2136,Intel,LGA1151,Coffee Lake,DDR4,6,12,3.3,4.5,80.0,1.2,2.0,27.0
038e9a92-9f1f-4367-b501-79d58ea18f30,AMD A6 7470K 3.7 GHz 2-Core FM2+ OEM/Tray,AMD,FM2+,Steamroller,,2,2,3.7,4.0,65.0,0.3,1.0,8.0
0418ce9e-cf3e-4e47-9e59-be0cc65da4b1,AMD Opteron 6344 2.6 GHz 12-Core G34 OEM/Tray,AMD,G34,Piledriver,,12,12,2.6,3.2,115.0,0.6,1.0,38.4
04320339-a372-4ca2-b9d8-9eb857f34fde,AMD A8 7670K OEM/Tray,AMD,FM2+,Steamroller,DDR3,4,4,3.6,3.9,95.0,0.3,1.0,15.6
044581b4-70e0-4266-aa09-8bd3d16cadd1,Intel Core i5 4460S,Intel,LGA1150,Haswell,DDR3,4,4,2.9,3.4,65.0,0.5,1.0,13.6
045802be-240a-4bce-9e67-2722f885e671,Intel Core i9 13900K,Intel,LGA1700,Raptor Lake Refresh,DDR5,24,32,3.0,5.8,125.0,2.8,1.33,139.2
047130de-74dd-4b9c-835f-ca2dc1a866fc,Intel Core i5 3570S OEM/Tray,Intel,LGA1155,Ivy Bridge,DDR3,4,4,3.1,3.8,65.0,0.7,1.0,15.2
04984638-674b-4384-8866-a7b20d55f8b4,AMD Ryzen 5 5600,AMD,AM4,Zen 3,DDR4,6,12,3.5,4.4,65.0,0.9,2.0,26.4
04ee90ac-3af8-453e-afcb-1e0172871e42,Intel Core i5 8400,Intel,LGA1151,Coffee Lake,DDR4,6,6,2.8,4.0,65.0,1.2,1.0,24.0
0512ed1f-82fe-456e-8996-fbc141d8fa7c,Intel Core i7 4930K,Intel,LGA2011,Ivy Bridge E,DDR3,6,12,3.4,3.9,130.0,0.5,2.0,23.4
053bbed3-b857-4a15-b69f-39cf081cadeb,Intel Core i7 Extreme 6950X 3 GHz 10-Core LGA2011-3,Intel,LGA2011,Broadwell,,10,20,3.0,3.5,140.0,0.5,2.0,35.0
062aeba2-c739-4fb9-b623-d6f319b89cb1,Intel Xeon E3 1275 V5 3.6 GHz 4-Core LGA1151,Intel,LGA1151,Skylake,,4,8,3.6,4.0,80.0,0.4,2.0,16.0
06945a1e-f1c4-46a7-a96d-d66182284689,Intel Xeon E5-2623 v3 OEM/Tray,Intel,LGA2011,Haswell,DDR4,4,8,3.0,3.5,105.0,0.5,2.0,14.0
06a6ec99-73aa-4cac-9cfb-21fa974ebe70,AMD Ryzen 5 3400G,AMD,AM4,Zen+,DDR4,4,8,3.7,4.2,65.0,0.5,2.0,16.8
06dd6572-a882-4f86-b3c4-c8c30fe6b476,Intel Xeon E5-2630 v3 OEM/Tray,Intel,LGA2011,Haswell,DDR4,8,16,2.4,3.2,85.0,0.8,2.0,25.6
070c78bb-0589-40b2-986b-c592fe9303f2,Intel Xeon E3 1220 V5 3 GHz 4-Core LGA1151 OEM/Tray,Intel,LGA1151,Skylake,,4,4,3.0,3.5,80.0,0.5,1.0,14.0
07376cbd-6c55-4409-8f84-452695faa5c1,Intel Xeon E3-1270 v3,Intel,LGA1150,Haswell,DDR3,4,8,3.5,3.9,80.0,0.4,2.0,15.6
0800f2cd-ce39-4a64-b400-5d1e5d26e7cd,Intel Core i5 12600KF,Intel,LGA1700,Alder Lake,DDR5,10,16,3.7,4.9,125.0,1.2,1.6,49.0
08020db3-1ea0-48a2-8276-934e41e6c676,AMD A4-6300 OEM/Tray,AMD,FM2,Piledriver,DDR3,2,2,3.7,3.9,65.0,0.2,1.0,7.8
08235e69-49be-4bfe-b0a8-76beb0c6fd11,Intel Xeon E3-1271 v3,Intel,LGA1150,Haswell,DDR3,4,8,3.6,4.0,80.0,0.4,2.0,16.0
082b37a2-faad-49d7-87e0-9d62750e26b5,Intel Core i7 5930K OEM/Tray,Intel,LGA2011,Haswell,DDR4,6,12,3.5,3.7,140.0,0.2,2.0,22.2
083df030-ec2f-4971-8605-adf389bea28d,Intel Core i3 9100,Intel,LGA1151,Coffee Lake Refresh,DDR4,4,4,3.6,4.2,65.0,0.6,1.0,16.8
08586f00-ac44-4e13-9693-2703f62023f5,AMD Ryzen Threadripper 2920X,AMD,TR4,Zen+,DDR4,12,24,3.5,4.3,180.0,0.8,2.0,51.6
08c118d7-15bd-4e7c-b18e-bf71d27d15ef,Intel Xeon E5-2683 v4,Intel,LGA2011,Broadwell,DDR4,16,32,2.1,3.0,120.0,0.9,2.0,48.0
08fa6fb3-63f5-4515-afca-3840908aea49,Intel Core i3 9320 OEM/Tray,Intel,LGA1151,Coffee Lake,DDR4,4,4,3.7,4.4,62.0,0.7,1.0,17.6
09086e21-4979-41ba-a451-3f8bb1c9cc55,AMD Ryzen 7 9700X,AMD,AM5,Zen 5,DDR5,8,16,3.8,5.5,65.0,1.7,2.0,44.0
0991a38e-8dca-4222-b693-acffcb1a4a0a,AMD Ryzen Threadripper 9985WX,AMD,STR5,Zen 5,DDR5,64,128,3.2,5.4,350.0,2.2,2.0,345.6
09a3f61e-39c4-4eb3-96e8-28c7b8d344d2,Intel Xeon E5-2660 OEM/Tray,Intel,LGA2011,Sandy Bridge EP,DDR3,8,16,2.2,3.0,95.0,0.8,2.0,24.0
09c6c21d-b450-4656-b8f7-11f31d20d131,Intel Core i7 7820X 3.6 GHz 8-Core LGA2066,Intel,LGA2066,Skylake,,8,16,3.6,4.5,140.0,0.9,2.0,36.0
09e91f36-20fd-4461-a117-37ef0872fc63,Intel Core i7 4790K,Intel,LGA1150,Haswell Refresh,DDR3,4,8,4.0,4.4,88.0,0.4,2.0,17.6
0a10243d-8440-4921-8e3f-cf459674effb,AMD EPYC 4344P,AMD,AM5,Zen 4,DDR5,8,16,3.8,5.3,65.0,1.5,2.0,42.4
0a93e420-238a-459b-a491-65f1b2e76422,Intel Xeon E 2126G 3.3 GHz 6-Core LGA1151 OEM/Tray,Intel,LGA1151,Coffee Lake,,6,6,3.3,4.5,80.0,1.2,1.0,27.0
0abfd960-5cb9-4d0b-9b32-9a5f5a48b083,Intel Core i7 6850K,Intel,LGA2011,Broadwell E,DDR4,6,12,3.6,3.8,140.0,0.2,2.0,22.8
0ad2e194-584e-46ec-ba59-d5aa4e129f59,Intel Xeon E5-2620 v3 OEM/Tray,Intel,LGA2011,Haswell,DDR4,6,12,2.4,3.2,85.0,0.8,2.0,19.2
0b4344ab-03a8-4344-a09e-3c39e80ba5c9,Intel Xeon E5-2680,Intel,LGA2011,Sandy Bridge EP,DDR3,8,16,2.7,3.5,130.0,0.8,2.0,28.0
0b720985-1e1d-41a9-8ea8-aefcd398e2c5,AMD A12-9800E,AMD,AM4,Excavator,DDR4,4,4,3.1,3.8,35.0,0.7,1.0,15.2
0ba1bc18-544b-4768-a779-9b2b69a24b01,Intel Core i7 5960X,Intel,LGA2011,Haswell E,DDR4,8,16,3.0,3.5,140.0,0.5,2.0,28.0
0cc5ca24-c9e0-4ed3-8cd8-7f032b1927ec,AMD A10-7700K,AMD,FM2+,Steamroller,DDR3,4,4,3.4,3.8,95.0,0.4,1.0,15.2
0ce6ea21-ea60-41c8-807f-d284a2e98b08,Intel Core i5 14500T OEM/Tray,Intel,LGA1700,Raptor Lake,DDR5,14,20,1.7,4.8,35.0,3.1,1.43,67.2
0cf9aff1-4f08-4f12-8557-ebbc10083495,Intel Core i9-9920X,Intel,LGA2066,Skylake,DDR4,12,24,3.5,4.5,165.0,1.0,2.0,54.0
0d19c5b2-c8fc-432b-a4d4-aa31365c5261,Intel Celeron G5920,Intel,LGA1200,Comet Lake,DDR4,2,2,3.5,,58.0,-3.5,1.0,
0d8aec3a-63f3-40f6-9028-2f8eb82e95ec,AMD A6-6420K OEM/Tray,AMD,FM2,Piledriver,DDR3,2,2,4.0,4.2,65.0,0.2,1.0,8.4
0e3a1478-3653-450c-ab32-b9755695c75b,Intel Core i9 10850K,Intel,LGA1200,Comet Lake,DDR4,10,20,3.6,5.2,125.0,1.6,2.0,52.0
0e76b77a-5b18-453b-888e-80246be54522,Intel Core i7-9800X,Intel,LGA2066,Skylake,DDR4,8,16,3.8,4.5,165.0,0.7,2.0,36.0
0edb1176-bee6-412a-b9ba-6ccc45fa0887,AMD A10-9700E,AMD,AM4,Excavator,DDR4,4,4,3.0,3.5,35.0,0.5,1.0,14.0
0eef5725-3634-4a65-b249-49888874dc68,Intel Core i7 6950X,Intel,LGA2011,Broadwell-E,DDR4,10,20,3.0,4.0,140.0,1.0,2.0,40.0
0f338d50-f775-4188-bd8c-ae3c7a353b94,Intel Core i7 4771,Intel,LGA1150,Haswell,DDR3,4,8,3.5,3.9,84.0,0.4,2.0,15.6
0f832db1-807c-4f85-b76c-3bf1e8d57cc5,Intel Core i9 7940X,Intel,LGA2066,Skylake,DDR4,14,28,3.1,4.4,165.0,1.3,2.0,61.6
0f8f2a55-de64-490d-8f62-a11398b6f8f8,AMD Ryzen 5 3600X,AMD,AM4,Zen 2,DDR4,6,12,3.8,4.4,95.0,0.6,2.0,26.4
10209f87-57b3-4216-8b3e-c9c213e46b07,Intel Core i9 10900F,Intel,LGA1200,Comet Lake,DDR4,10,20,2.8,5.2,65.0,2.4,2.0,52.0
10213fa5-c67b-4d69-b8a0-913cd25b129f,Intel Xeon E5-1660 v3,Intel,LGA2011,Haswell,DDR4,8,16,3.0,3.5,140.0,0.5,2.0,28.0
103ad632-4a9b-4126-9ed9-9d7ef4793060,AMD Ryzen 5 9600,AMD,AM5,Zen 5,DDR5,6,12,3.8,5.2,65.0,1.4,2.0,31.2
107f3722-b84b-43dd-a6a8-9dfe787bf03a,AMD Athlon X4 880K,AMD,FM2+,Steamroller,DDR3,4,4,4.0,4.2,95.0,0.2,1.0,16.8
11089f7c-893e-4f70-94c8-61078ed84f68,Intel Core i5 9500,Intel,LGA1151,Coffee Lake Refresh,DDR4,6,6,3.0,4.4,65.0,1.4,1.0,26.4
1108a9a6-5414-44d0-a9ca-add54f8a80fa,AMD A 10 7860k 3.6 GHz 4-Core FM2+ OEM/Tray,AMD,FM2+,Steamroller,,4,4,3.6,4.0,65.0,0.4,1.0,16.0
114ffebf-9ed4-49a5-82e4-f6f6b0f2649b,Intel Xeon E5-2650,Intel,LGA2011,Sandy Bridge-EP,DDR3,8,16,2.0,2.8,95.0,0.8,2.0,22.4
1151b654-7094-41ab-8988-1d37db091a4b,AMD FX-6120 OEM/Tray,AMD,AM3+,Bulldozer,DDR3,6,6,3.6,4.2,95.0,0.6,1.0,25.2
115d2821-5d45-41b8-b4c9-aa3f95215fab,AMD Ryzen 5 7500F OEM/Tray,AMD,AM5,Zen 4,DDR5,6,12,3.7,5.0,65.0,1.3,2.0,30.0
11c8a8b2-048a-4492-ba06-f2b5c8c1de60,Intel Core i3 12100F,Intel,LGA1700,Alder Lake,DDR5,4,8,3.3,4.3,58.0,1.0,2.0,17.2
1292d93d-417f-4ec6-b84f-21be2d85b2b2,Intel Core i9 14900F,Intel,LGA1700,Raptor Lake Refresh,DDR5,24,32,2.0,5.8,65.0,3.8,1.33,139.2
129aed7c-71fc-4e26-8a7d-527d88eae596,AMD Ryzen 9 3900XT,AMD,AM4,Zen 2,DDR4,12,24,3.8,4.7,105.0,0.9,2.0,56.4
12fd3597-2019-418e-9764-bdf55a541368,Intel Core i5 7640X OEM/Tray,Intel,LGA2066,Kaby Lake,DDR4,4,4,4.0,4.2,112.0,0.2,1.0,16.8
1307646f-0cde-4600-9ea8-7208cc2376c9,AMD Ryzen Threadripper 2990WX,AMD,TR4,Zen+,DDR4,32,64,3.0,4.2,250.0,1.2,2.0,134.4
137364af-2806-4177-9206-d209575ffea4,Intel Core i9 11900,Intel,LGA1200,Rocket Lake,DDR4,8,16,2.5,5.2,65.0,2.7,2.0,41.6
1380a6eb-8357-4ce2-be1c-190fa045a108,AMD Ryzen 5 4600G,AMD,AM4,Zen 2,DDR4,6,12,3.7,4.2,65.0,0.5,2.0,25.2
14edddda-4629-4c09-90ea-5c209827d82a,AMD FX-8370,AMD,AM3+,Piledriver,DDR3,8,8,4.0,4.3,125.0,0.3,1.0,34.4
15164378-8aa4-48d3-970d-c832589ac734,AMD EPYC 4584PX,AMD,AM5,Zen 4,DDR5,16,32,4.2,5.7,120.0,1.5,2.0,91.2
15abb515-0c8f-4cbc-af37-434908b5729a,Intel Core i9 11900KF,Intel,LGA1200,Rocket Lake,DDR4,8,16,3.5,5.3,125.0,1.8,2.0,42.4
15af1312-b8a1-4790-bda1-06a408ffa51a,Intel Core i7 6700K,Intel,LGA1151,Skylake,DDR4,4,8,4.0,4.2,91.0,0.2,2.0,16.8
163d1e0a-ea5a-45d7-8c43-eaff7e78107b,Intel Core i9 14900,Intel,LGA1700,Raptor Lake Refresh,DDR5,24,32,2.0,5.8,65.0,3.8,1.33,139.2
16825ced-154c-49f1-a40c-813737d8fb49,Intel Xeon E5-1650 v4,Intel,LGA2011,Broadwell,DDR4,6,12,3.6,4.0,140.0,0.4,2.0,24.0
16d02a32-8e90-44bf-8002-3a6cbbe6584b,Intel Pentium Gold G5500,Intel,LGA1151,Coffee Lake,DDR4,2,4,3.8,,54.0,-3.8,2.0,
172b0f70-129e-473c-9bf8-88de1d2e229c,Intel Xeon E-2134,Intel,LGA1151,Coffee Lake,DDR4,4,8,3.5,4.5,71.0,1.0,2.0,18.0
17b95d1d-e33c-41bd-b16c-f5281e4172b0,Intel Xeon E5-2697 v2,Intel,LGA2011,Ivy Bridge EP,DDR3,12,24,2.7,3.5,130.0,0.8,2.0,42.0
17d31bbf-994a-4a54-bfd8-0bfa5b2093ff,Intel Core i5 9500F,Intel,LGA1151,Coffee Lake Refresh,DDR4,6,6,3.0,4.4,65.0,1.4,1.0,26.4
182326d2-d7a5-495e-811c-2b6bcb28e029,AMD Ryzen 3 1300X,AMD,AM4,Zen,DDR4,4,4,3.5,3.7,65.0,0.2,1.0,14.8
185f2bd4-60af-4761-8d6e-25fd909571dd,AMD A10-7870K,AMD,FM2+,Steamroller,DDR3,4,4,3.9,4.1,95.0,0.2,1.0,16.4
18a5a222-98ff-417a-9e2e-1dbecb75ae2a,AMD Ryzen 5 2400G OEM/Tray,AMD,AM4,Zen,DDR4,4,8,3.6,3.9,65.0,0.3,2.0,15.6
18f69196-6358-44bf-b485-7311d3035daa,Intel Xeon E3 1260L V5 OEM/Tray 2.9 GHz 4-Core LGA1151,Intel,LGA1151,Skylake,,4,8,2.9,3.9,45.0,1.0,2.0,15.6
1917223b-ee1e-4643-b0ef-e250bca0abf8,Intel Core i9 9820X,Intel,LGA2066,Skylake,DDR4,10,20,3.3,4.2,165.0,0.9,2.0,42.0
191c28ae-cac2-4752-bee1-b22e57c417af,Intel Core i7 6900K OEM/Tray,Intel,LGA2011,Broadwell E,DDR4,8,16,3.2,4.0,140.0,0.8,2.0,32.0
19670dac-d7e8-4c15-8caf-50764c3c6c40,Intel Core i7 4790T OEM/Tray,Intel,LGA1150,Haswell Refresh,DDR3,4,8,2.7,3.9,45.0,1.2,2.0,15.6
19fbd8f2-a226-4b83-9e5d-683db638d337,Intel Core i5 12400F,Intel,LGA1700,Alder Lake,DDR5,6,12,2.5,4.4,65.0,1.9,2.0,26.4
1adb6d90-342a-4149-b3c8-a11d041bda48,Intel Xeon E3-1245 v6 OEM/Tray,Intel,LGA1151,Kaby Lake,DDR4,4,8,3.7,4.1,73.0,0.4,2.0,16.4
1b79e37a-7f91-49b9-9f77-9964b9049cfb,Intel Core i9 7900X OEM/Tray,Intel,LGA2066,Skylake,DDR4,10,20,3.3,4.5,140.0,1.2,2.0,45.0
1bdbeb35-0449-4d21-a297-213be55b1517,Intel Core i9 9900T OEM/Tray,Intel,LGA1151,Coffee Lake,DDR4,8,16,2.1,4.4,35.0,2.3,2.0,35.2
1bfc789d-fdf7-44d4-88d3-a5f1d5b2dc7c,Intel Core i9 10900KF,Intel,LGA1200,Comet Lake,DDR4,10,20,3.7,5.3,125.0,1.6,2.0,53.0
1c16dbfa-0c47-425b-ad18-e06972ca6ffc,AMD A12-9800,AMD,AM4,Excavator,DDR4,4,4,3.8,4.2,65.0,0.4,1.0,16.8
1c19203f-0572-4ed0-80b4-37d940f1d8c9,AMD A6 A6-9550 3.8 GHz 2-Core AM4,AMD,AM4,Excavator,DDR4,2,2,3.8,4.0,65.0,0.2,1.0,8.0
1c972ff9-5284-4a30-b90c-cc51c9e1bce6,Intel Core i5 7500 OEM/Tray,Intel,LGA1151,Kaby Lake,DDR4,4,4,3.4,3.8,65.0,0.4,1.0,15.2
1caf4db8-ecaf-4067-b567-8aa0ad133980,Intel Core i5 4690K,Intel,LGA1150,Haswell Refresh,DDR3,4,4,3.5,3.9,88.0,0.4,1.0,15.6
1cb9bc6a-0bb2-4340-b162-4cead081e9cb,AMD FX-8310 OEM/Tray,AMD,AM3+,Piledriver,DDR3,8,8,3.4,4.3,95.0,0.9,1.0,34.4
1cefeb0a-2b93-441f-a11d-3806b8ca937f,Intel Core i7 7700T 2.9 GHz 4-Core LGA1151,Intel,LGA1151,Kaby Lake,,4,8,2.9,3.8,35.0,0.9,2.0,15.2
1d316a65-4f63-447e-b3ea-ca485c4334ac,Intel Core i3 9100F,Intel,LGA1151,Coffee Lake Refresh,DDR4,4,4,3.6,4.2,65.0,0.6,1.0,16.8
1e7fa8c2-6f78-4b98-8b92-33066f7734e2,AMD Ryzen Threadripper 9970X,AMD,STR5,Zen 5,DDR5,32,64,4.0,5.4,350.0,1.4,2.0,172.8
1e8d10d0-184a-4a18-b9cd-48b5f36b7464,Intel Core i5 9400T (OEM/Tray),Intel,LGA1151,Coffee Lake,DDR4,6,6,1.8,3.4,35.0,1.6,1.0,20.4
1ede694a-b736-40f7-b161-e16210679772,Intel Core i9 10900,Intel,LGA1200,Comet Lake,DDR4,10,20,2.8,5.2,65.0,2.4,2.0,52.0
1eed580c-0c1e-44dd-9cc6-74c749947ba1,AMD Pro A6 7400B 3.5 GHz 2-Core FM2+ OEM/Tray,AMD,FM2+,Steamroller,,2,2,3.5,3.9,65.0,0.4,1.0,7.8
1fa79f23-46c7-4a5f-b2f3-52674dad84a7,Intel Xeon E-2274G OEM/Tray,Intel,LGA1151,Coffee Lake,DDR4,4,8,4.0,4.9,83.0,0.9,2.0,19.6
2025520b-82c1-4243-8bda-cb0991f2a492,Intel Core i7 7700T OEM/Tray,Intel,LGA1151,Kaby Lake,DDR4,4,8,2.9,3.8,35.0,0.9,2.0,15.2
2027bf67-9231-46ab-921d-b81868f28f9f,AMD Ryzen 9 PRO 7945 OEM/Tray,AMD,AM5,Zen 4,DDR5,12,24,3.7,5.4,65.0,1.7,2.0,64.8
203b9652-9323-431a-b85d-291a06f88377,AMD PRO A10-7800B OEM/Tray,AMD,FM2+,Steamroller,DDR3,4,4,3.5,3.9,65.0,0.4,1.0,15.6
208a3655-6a27-46c3-a276-acfe05108b36,Intel Core i9 9980XE,Intel,LGA2066,Skylake,DDR4,18,36,3.0,4.4,165.0,1.4,2.0,79.2
20b1d05b-c6ba-4577-b50a-e80f34681f04,Intel Xeon E5-2620 v3,Intel,LGA2011,Haswell,DDR4,6,12,2.4,3.2,85.0,0.8,2.0,19.2
216c864a-93a8-4834-8c02-00768e900109,Intel Core i7 4790K,Intel,LGA1150,Haswell Refresh,DDR3,4,8,4.0,4.4,88.0,0.4,2.0,17.6
21d217b9-d570-482c-bc1f-d88ffba9f868,Intel Core i3 10300,Intel,LGA1200,Comet Lake,DDR4,4,8,3.7,4.4,65.0,0.7,2.0,17.6
222d95ca-323a-424a-8851-458549bf8771,Intel Core i5 7400,Intel,LGA1151,Kaby Lake,DDR4,4,4,3.0,3.5,65.0,0.5,1.0,14.0
22546c6c-9af1-4646-a9af-0ede3444c6b7,Intel Core i5 13400F,Intel,LGA1700,Raptor Lake Refresh,DDR5,10,16,2.5,4.6,65.0,2.1,1.6,46.0
2299271b-5fcf-4a33-912d-afc59b3f3dc3,Intel Core i7 6850K,Intel,LGA2011,Broadwell E,DDR4,6,12,3.6,3.8,140.0,0.2,2.0,22.8
22f7d1e2-6bd6-4fe3-adaa-55f683d3cf5f,AMD Ryzen 7 1700X,AMD,AM4,Zen,DDR4,8,16,3.4,3.8,95.0,0.4,2.0,30.4
238446af-8ca2-4fa9-a34d-f7ca53e92a0d,Intel Xeon E5-1650 v2 OEM/Tray,Intel,LGA2011,Ivy Bridge EP,DDR3,6,12,3.5,3.9,130.0,0.4,2.0,23.4
239ab6f9-265c-4d69-99b0-18b1b57f0231,Intel Xeon E5-2470 v2,Intel,LGA1356,Ivy Bridge EN,DDR3,10,20,2.4,3.2,95.0,0.8,2.0,32.0
23e6bfc0-9386-4dc9-ae96-27205baef755,Intel Xeon E5-2450 v2,Intel,LGA1356,Ivy Bridge EN,DDR3,8,16,2.5,3.3,95.0,0.8,2.0,26.4
23e954aa-3f6e-4738-895a-33539e595d84,AMD Athlon X4 845,AMD,FM2+,Excavator,DDR3,4,4,3.5,3.8,65.0,0.3,1.0,15.2
2423fc7f-22b9-4613-a5b9-7e097571e794,Intel Xeon E5 1630 V4 OEM/Tray,Intel,LGA2011,Broadwell,DDR4,4,8,3.7,4.0,140.0,0.3,2.0,16.0
247c298b-6d94-4740-ac2f-ff7171d70499,AMD Ryzen Threadripper PRO 7985WX,AMD,STR5,Zen 4,DDR5,64,128,3.2,5.1,350.0,1.9,2.0,326.4
24b3997b-1de2-42f5-a680-07818370a0da,AMD Ryzen 7 7700X3D,AMD,AM5,Zen 4,DDR5,8,16,4.0,4.5,120.0,0.5,2.0,36.0
251568e9-fc5d-44c3-bf09-81ba16def995,Intel Core i7 10700KF,Intel,LGA1200,Comet Lake,DDR4,8,16,3.8,5.1,125.0,1.3,2.0,40.8
25aa1b27-21d2-4700-9149-491ed266e9e8,Intel Core i7 6850K 3.6 GHz 6-Core LGA2011-3,Intel,LGA2011,Broadwell,,6,12,3.6,3.8,140.0,0.2,2.0,22.8
25eb5fd4-728d-4e7e-b59a-d67a90f2fe60,AMD A4-7300,AMD,FM2,Piledriver,DDR3,2,2,3.8,4.0,65.0,0.2,1.0,8.0
26958ace-558b-4181-ba1a-82a0fbc8a132,Intel Pentium Gold G6400,Intel,LGA1200,Comet Lake,DDR4,2,4,4.0,4.0,58.0,0.0,2.0,8.0
26b0bb00-dceb-406c-a60d-e82454d810a3,Intel Core i5 11600,Intel,LGA1200,Rocket Lake,DDR4,6,12,2.8,4.8,65.0,2.0,2.0,28.8
270489aa-e7db-49f2-bfbe-0e122b4fb093,Intel Core i5 9600K,Intel,LGA1151,Coffee Lake,DDR4,6,6,3.7,4.6,95.0,0.9,1.0,27.6
27371786-817b-4ddf-bd01-75c69349a80a,Intel Xeon E5 2660 V2,Intel,LGA2011,Ivy Bridge EP,DDR3,10,20,2.2,3.0,95.0,0.8,2.0,30.0
2761ac98-b4fc-4cf0-aca8-d7d08a5bb573,Intel Xeon E3 1225 V5,Intel,LGA1151,Skylake,DDR4,4,4,3.3,3.7,80.0,0.4,1.0,14.8
27778427-bef4-4f66-91df-9b3be67b7e2e,AMD A6-7400K,AMD,FM2+,Steamroller,DDR3,2,2,3.5,3.9,65.0,0.4,1.0,7.8
27c44194-75c5-468f-a8f3-3847cc0c7bce,Intel Core i9 9820X,Intel,LGA2066,Skylake,DDR4,10,20,3.3,4.1,165.0,0.8,2.0,41.0
27ddd147-32ca-46ae-802b-c288f94f1f60,Intel Core i9 11900K,Intel,LGA1200,Rocket Lake,DDR4,8,16,3.5,5.3,125.0,1.8,2.0,42.4
27ea1b17-ea0f-46b7-bab2-ec21c9b4b694,Intel Xeon E5 1620 V3 OEM/Tray 3.5 GHz 4-Core LGA2011-3,Intel,LGA2011,Haswell,,4,8,3.5,3.6,140.0,0.1,2.0,14.4
28155df9-8c91-4150-8786-96b8c54c309c,Intel Core i7 13700K,Intel,LGA1700,Raptor Lake Refresh,DDR5,16,24,3.4,5.3,125.0,1.9,1.5,84.8
287b108d-79e7-4ccc-8a28-55c0e294469e,Intel Core i5 4690K 3.5 GHz 4-Core LGA1150,Intel,LGA1150,Haswell Refresh,,4,4,3.5,3.9,88.0,0.4,1.0,15.6
28d1cde9-50aa-4565-952b-ef06e454fe46,Intel Core i5 4690S,Intel,LGA1150,Haswell,DDR3,4,4,3.2,3.9,65.0,0.7,1.0,15.6
29663d40-35a2-4240-ab87-778bacff4a1b,AMD A8 Pro 7600B OEM/Tray,AMD,FM2+,Steamroller,DDR3,4,4,3.1,3.8,65.0,0.7,1.0,15.2
296774f6-2c83-4ce0-b475-125e4c88c0d1,Intel Core i5 7640X,Intel,LGA2066,Kaby Lake,DDR4,4,4,4.0,4.2,112.0,0.2,1.0,16.8
298af2a1-9111-4100-bc6e-4f6c03beaf72,Intel Core i5 9400 OEM/Tray,Intel,LGA1151,Coffee Lake,DDR4,6,6,2.9,4.1,65.0,1.2,1.0,24.6
2a28256e-83fa-4e1a-9030-ffb0b824b5e2,Intel Xeon E3-1231 v3,Intel,LGA1150,Haswell,DDR3,4,8,3.4,3.8,80.0,0.4,2.0,15.2
2a527e3b-b387-4e1b-840f-ac53cf52fe44,Intel Xeon E5-1650 v3,Intel,LGA2011,Haswell,DDR4,6,12,3.5,3.8,140.0,0.3,2.0,22.8
2a6bfb8f-72ee-4a6b-9f03-a6b92c6893b5,Intel Core Ultra 5 225F,Intel,LGA1851,Arrow Lake,DDR5,10,10,3.3,4.9,65.0,1.6,1.0,49.0
2ab00ac9-d91e-4250-9297-2bdd6f617d41,AMD Ryzen 9 7900,AMD,AM5,Zen 4,DDR5,12,24,3.7,5.4,65.0,1.7,2.0,64.8
2ad8ca67-5f7d-4f45-a7aa-005770ef092d,Intel Xeon E5-2643 v2,Intel,LGA2011,Ivy Bridge EP,DDR3,6,12,3.5,3.8,130.0,0.3,2.0,22.8
2aee2c99-b1b1-4a64-bdca-e6b3584ae4f7,AMD A 6 7400K 3.5 GHz 2-Core FM2+ OEM/Tray,AMD,FM2+,Steamroller,,2,2,3.5,3.9,65.0,0.4,1.0,7.8
2b6e8f53-c9c6-4a64-a9fd-75d40fa7150a,AMD Ryzen 5 2600X,AMD,AM4,Zen+,DDR4,6,12,3.6,4.2,95.0,0.6,2.0,25.2
2bbcd24b-206e-4bb0-bff9-28e7bd5b0312,Intel Core i5 9500T OEM/Tray,Intel,LGA1151,Coffee Lake,DDR4,6,6,2.2,3.7,35.0,1.5,1.0,22.2
2c0ed4a5-939f-4902-bfeb-cb16c0890ef2,AMD Ryzen 9 3950X,AMD,AM4,Zen 2,DDR4,16,32,3.5,4.7,105.0,1.2,2.0,75.2
2c54d002-b785-4e74-943d-e7288d840108,Intel Core i7 6700 OEM/Tray,Intel,LGA1151,Skylake,DDR4,4,8,3.4,4.0,65.0,0.6,2.0,16.0
2c739528-49a0-4e78-8046-993ae71f3167,AMD Ryzen Threadripper PRO 9945WX,AMD,STR5,Zen 5,DDR5,12,24,4.7,5.4,350.0,0.7,2.0,64.8
2cab4b82-d7ff-46f1-9148-421caabdd24d,Intel Core i7-13700T,Intel,LGA1700,Raptor Lake,DDR5,16,24,1.4,4.9,35.0,3.5,1.5,78.4
2cfe7cca-79ec-4c25-be93-14494bf171cd,Intel Xeon E 2174G 3.8 GHz 4-Core LGA1151,Intel,LGA1151,Coffee Lake,,4,8,3.8,4.7,71.0,0.9,2.0,18.8
2d13d0bd-abc8-42e3-b8f6-64ae86b3d24d,Intel Xeon E5-2660 v3,Intel,LGA2011,Haswell,DDR4,10,20,2.6,3.3,105.0,0.7,2.0,33.0
2e3b7f24-a606-4652-9ffa-74a7f1c41bfe,Intel Core i7 10700F,Intel,LGA1200,Comet Lake,DDR4,8,16,2.9,4.8,65.0,1.9,2.0,38.4
2e6e5bc8-ed9a-44c5-90ad-28bb50220289,Intel Xeon E3-1280 v6 OEM/Tray,Intel,LGA1151,Kaby Lake,DDR4,4,8,3.9,4.2,72.0,0.3,2.0,16.8
2e79dd02-9922-4846-ad76-c7c268bd0b86,Intel Xeon E3-1285 v6,Intel,LGA1151,Kaby Lake,DDR4,4,8,4.1,4.5,79.0,0.4,2.0,18.0
2e92a455-b6df-4dcc-9dbb-5277bf3b537b,Intel Xeon E3 1270 V6 3.8 GHz 4-Core LGA1151,Intel,LGA1151,Kaby Lake,,4,8,3.8,4.2,72.0,0.4,2.0,16.8
2fab13a0-42a4-4698-919c-99f167e1d0b0,AMD Ryzen 7 1700X,AMD,AM4,Zen,DDR4,8,16,3.4,3.8,95.0,0.4,2.0,30.4
301703ae-e5a6-4804-906e-89d4d430d5aa,Intel Core i5 6500T,Intel,LGA1151,Skylake,DDR4,4,4,2.5,3.1,35.0,0.6,1.0,12.4
310fc3af-a1f1-4923-8f2f-5f835020fac1,Intel Core i9 13900KF,Intel,LGA1700,Raptor Lake,DDR5,24,32,3.0,5.8,125.0,2.8,1.33,139.2
31606fb8-29d9-43fc-bc34-7a7f7ec309c3,Intel Core i5 11400,Intel,LGA1200,Rocket Lake,DDR4,6,12,2.6,4.4,65.0,1.8,2.0,26.4
31a90a7c-fc8f-4317-a617-806bd1f55b7c,Intel Core i7 7700 OEM/Tray,Intel,LGA1151,Kaby Lake,DDR4,4,8,3.6,4.2,65.0,0.6,2.0,16.8
31fc5960-2957-41b4-b592-3565bc9b5aea,Intel Core i7 8700,Intel,LGA1151,Coffee Lake,DDR4,6,12,3.2,4.6,65.0,1.4,2.0,27.6
324e7435-69f1-4a38-81b0-e671b83b3707,Intel Core i7 7700K,Intel,LGA1151,Kaby Lake,DDR4,4,8,4.2,4.5,91.0,0.3,2.0,18.0
32841124-84f1-487b-a5c4-d9d05acf3fa6,Intel Core i9 10900X,Intel,LGA2066,Cascade Lake,DDR4,10,20,3.7,4.7,165.0,1.0,2.0,47.0
32aeba0c-9985-418f-878f-76cbba11aa90,AMD Ryzen Threadripper 3960X,AMD,TRX4,Zen 2,DDR4,24,48,3.8,4.5,280.0,0.7,2.0,108.0
33fd5275-e263-40ed-9c8a-345ef9d5b7e7,Intel Core i9-9900X,Intel,LGA2066,Skylake,DDR4,10,20,3.5,4.5,165.0,1.0,2.0,45.0
341e1dc1-88ea-4693-b620-6bbaac3baab2,AMD A10-7860K,AMD,FM2+,Steamroller,DDR3,4,4,3.6,4.0,65.0,0.4,1.0,16.0
34711b7b-a952-4b0d-a251-3774b3406e3d,Intel Core i5 12500,Intel,LGA1700,Alder Lake,DDR5,6,12,3.0,4.6,65.0,1.6,2.0,27.6
357566cb-d041-422f-85df-9b3a310b205d,AMD FX-8370,AMD,AM3+,Piledriver,DDR3,8,8,4.0,4.3,125.0,0.3,1.0,34.4
3584f04a-5db8-4df4-970b-cd871fa67f2c,Intel Core i5 7600T OEM/Tray,Intel,LGA1151,Kaby Lake,DDR4,4,4,2.8,3.7,35.0,0.9,1.0,14.8
364316a2-e476-40f7-b8c7-f7ce230a8ab9,AMD Ryzen 3 2200G,AMD,AM4,Zen,DDR4,4,4,3.5,3.7,65.0,0.2,1.0,14.8
368608eb-590e-4d13-b043-d2fa430ee4f1,Intel Xeon E3 1230 V6,Intel,LGA1151,Kaby Lake,DDR4,4,8,3.5,3.9,72.0,0.4,2.0,15.6
37071895-fe38-4a6f-9239-3c024e145968,Intel Core i5 9400 OEM/Tray,Intel,LGA1151,Coffee Lake,DDR4,6,6,2.9,4.1,65.0,1.2,1.0,24.6
3796bb7f-b124-4628-9592-cb2b3bf47e08,AMD Ryzen 5 5600X,AMD,AM4,Zen 3,DDR4,6,12,3.7,4.6,65.0,0.9,2.0,27.6
3805a074-834c-4673-9485-4ea1d306a008,Intel Core i7-9800X,Intel,LGA2066,Skylake-X,DDR4,8,16,3.8,4.5,165.0,0.7,2.0,36.0
383d6fee-c6ac-49af-9200-86fee2126ec3,Intel Xeon E3 1280 V5 3.7 GHz 4-Core LGA1151,Intel,LGA1151,Skylake,,4,8,3.7,4.0,80.0,0.3,2.0,16.0
3843f3bc-8a31-4e15-bad7-8de023327f7e,AMD FX-9590 OEM/Tray,AMD,AM3+,Piledriver,DDR3,8,8,4.7,5.0,220.0,0.3,1.0,40.0
385549e4-381d-4370-b561-0e23ba4e9e29,Intel Xeon E5 2687W 3.1 GHz 8-Core LGA2011,Intel,LGA2011,Sandy Bridge,,8,16,3.1,3.8,150.0,0.7,2.0,30.4
38950b3d-4b1e-4d07-a3dc-105c256d5327,Intel Core i7 4790,Intel,LGA1150,Haswell,DDR3,4,8,3.6,4.0,84.0,0.4,2.0,16.0
38a5507d-8a19-4894-a2bd-33afc1148a0d,Intel Core i9 7960X 2.8 GHz 16-Core LGA2066 OEM/Tray,Intel,LGA2066,Skylake,,16,32,2.8,4.4,165.0,1.6,2.0,70.4
38cf0049-8c6a-417d-afd5-292d384ca632,AMD Ryzen 7 8700F,AMD,AM5,Zen 4,DDR5,8,16,4.1,5.0,65.0,0.9,2.0,40.0
39c1bfe9-565b-44eb-b940-8eec3b68d969,AMD Athlon 200GE,AMD,AM4,Zen,DDR4,2,4,3.2,,35.0,-3.2,2.0,
3a4529d6-934a-481f-9b3a-0068283355c3,Intel Core i7 4960X,Intel,LGA2011,Ivy Bridge E,DDR3,6,12,3.6,4.0,130.0,0.4,2.0,24.0
3a6ddea6-2e33-4eb9-9154-b0f5f93ac3aa,Intel Core i5 8500,Intel,LGA1151,Coffee Lake,DDR4,6,6,3.0,4.1,65.0,1.1,1.0,24.6
3af33662-8d17-4e72-bdd9-200604b9db7b,AMD Ryzen 5 7500X3D,AMD,AM5,Zen 4,DDR5,6,12,4.0,4.5,65.0,0.5,2.0,27.0
3b7629de-b1bc-4f03-b9bb-e5e13110f2d2,AMD PRO A4-7300B OEM/Tray,AMD,FM2,Piledriver,DDR3,2,2,3.8,4.0,65.0,0.2,1.0,8.0
3b805488-29ca-4c3a-b4a7-a7a928396ee6,Intel Core i9 9900X,Intel,LGA2066,Skylake,DDR4,10,20,3.5,4.4,165.0,0.9,2.0,44.0
3b94f58c-7070-4a76-9b47-3a9685286621,AMD Ryzen Threadripper 2990WX OEM/Tray,AMD,TR4,Zen+,DDR4,32,64,3.0,4.2,250.0,1.2,2.0,134.4
3bb42e7e-5343-49cb-ac55-7712fc5eb285,Intel Core i5 8600 OEM/Tray,Intel,LGA1151,Coffee Lake,DDR4,6,6,3.1,4.3,65.0,1.2,1.0,25.8
3bfc0cf3-b67e-41c7-b938-8887fe7cf51d,Intel Core i5 6500T,Intel,LGA1151,Skylake,DDR4,4,4,2.5,3.1,35.0,0.6,1.0,12.4
3c0eec5b-eb72-42cc-9dcd-9448280ae5a4,Intel Xeon E5 2697 V3,Intel,LGA2011,Haswell,DDR4,14,28,2.6,3.6,145.0,1.0,2.0,50.4
3cb99ba6-4a3b-4f8b-b63f-f20a79be104a,Intel Xeon E3-1225 v6,Intel,LGA1151,Kaby Lake,DDR4,4,4,3.3,3.7,73.0,0.4,1.0,14.8
3d4b0dcc-cea0-48ac-9781-f46b07e5721c,Intel Xeon E5-2660 v3 OEM/Tray,Intel,LGA2011,Haswell,DDR4,10,20,2.6,3.3,105.0,0.7,2.0,33.0
3d98e4de-a80c-468c-afd0-6a97073dc8be,Intel Core i7 8700T,Intel,LGA1151,Coffee Lake,DDR4,6,12,2.4,4.0,35.0,1.6,2.0,24.0
3e340505-fece-4bef-9762-866805e51037,Intel Core i7 9700K OEM/Tray,Intel,LGA1151,Coffee Lake,DDR4,8,8,3.6,4.9,95.0,1.3,1.0,39.2
3e839c22-2045-41b5-a687-e6d8036db649,AMD Ryzen 7 3800X OEM/Tray,AMD,AM4,Zen 2,DDR4,8,16,3.9,4.5,105.0,0.6,2.0,36.0
3e8b5db8-eaf0-4627-b6c6-22342f5515c3,Intel Core i7 7820X,Intel,LGA2066,Skylake,DDR4,8,16,3.6,4.5,140.0,0.9,2.0,36.0
3e9a2f79-fccb-49c1-bda6-b6dc9eacfff2,AMD Athlon 220GE,AMD,AM4,Zen,DDR4,2,4,3.4,,35.0,-3.4,2.0,
3fb38431-cd3f-4b64-b4de-51de9384277b,AMD Opteron 6320,AMD,G34,Piledriver,DDR3,8,8,2.8,3.3,115.0,0.5,1.0,26.4
3fffdbb8-5da1-4159-8df2-6b3b56ad0d6b,AMD FX 9370 4.4 GHz 8-Core AM3+,AMD,AM3+,Piledriver,,8,8,4.4,4.7,220.0,0.3,1.0,37.6
402c2508-a75c-4f4d-9d09-778349ae72bb,Intel Core i7 14700KF,Intel,LGA1700,Raptor Lake Refresh,DDR5,20,28,3.4,5.5,125.0,2.1,1.4,110.0
40bb090d-7f4e-451e-99e5-fd9299a4aad7,AMD Ryzen 5 3600,AMD,AM4,Zen 2,DDR4,6,12,3.6,4.2,65.0,0.6,2.0,25.2
4102198f-b559-46e0-8973-5d95592dfdbf,Intel Core i5 9400,Intel,LGA1151,Coffee Lake Refresh,DDR4,6,6,2.9,4.1,65.0,1.2,1.0,24.6
413d81ac-27e3-4f38-b60f-e5d7b9336d69,Intel Xeon E5-2670,Intel,LGA2011,Sandy Bridge EP,DDR3,8,16,2.6,3.3,115.0,0.7,2.0,26.4
414404ea-be98-44a0-80bc-13298538b955,Intel Core i3 6100,Intel,LGA1151,Skylake,DDR4,2,4,3.7,,51.0,-3.7,2.0,
41a8238b-049f-46db-a304-0c8ece1a8d73,Intel Core i7 12700K,Intel,LGA1700,Alder Lake,DDR5,12,20,3.6,4.9,125.0,1.3,1.67,58.8
42a798ea-ab63-48a7-aef3-d2e556e7e77c,Intel Xeon E5 2660 2.2 GHz 8-Core LGA2011,Intel,LGA2011,Sandy Bridge,,8,16,2.2,3.0,95.0,0.8,2.0,24.0
42bf3737-1201-40d1-bfd8-7bf606507deb,Intel Core Ultra 5 250K Plus,Intel,LGA1851,Arrow Lake Refresh,DDR5,18,18,4.2,5.3,125.0,1.1,1.0,95.4
42c34953-ab24-4504-8272-4fb1aeec2324,AMD FX-9590 OEM/Tray,AMD,AM3+,Piledriver,DDR3,8,8,4.7,5.0,220.0,0.3,1.0,40.0
43597450-8c66-4f59-9ef5-c347c0a45fd4,AMD Ryzen 7 3800X,AMD,AM4,Zen 2,DDR4,8,16,3.9,4.5,105.0,0.6,2.0,36.0
436df5cd-e521-4ceb-8109-28c208388228,Intel Xeon E5 2687W V3,Intel,LGA2011,Haswell,DDR4,10,20,3.1,3.5,160.0,0.4,2.0,35.0
4380faca-acb9-48dd-b1cd-9c6bafcc77c1,AMD Ryzen 5 1600X,AMD,AM4,Zen,DDR4,6,12,3.6,4.0,95.0,0.4,2.0,24.0
43cdf007-0563-402f-9481-47e8cec31fc6,Intel Core i9 7900X,Intel,LGA2066,Skylake,DDR4,10,20,3.3,4.5,140.0,1.2,2.0,45.0
43ecd4d2-757d-47a9-affa-9f0832a4c482,AMD Athlon X4 840 OEM/Tray,AMD,FM2+,Steamroller,DDR3,4,4,3.1,3.8,65.0,0.7,1.0,15.2
44a6a1e7-2e9f-43e0-aa38-ced3e17a0686,Intel Core i5 10600KF,Intel,LGA1200,Comet Lake,DDR4,6,12,4.1,4.8,125.0,0.7,2.0,28.8
4508f2bd-cda9-4017-9b43-bb44847d7c32,AMD Athlon X4 860K,AMD,FM2+,Steamroller,DDR3,4,4,3.7,4.0,95.0,0.3,1.0,16.0
45118c9a-09c6-47e8-b3b0-9abca47b472f,AMD Ryzen 5 2600X,AMD,AM4,Zen+,DDR4,6,12,3.6,4.2,95.0,0.6,2.0,25.2
45d4e389-6f53-4650-b175-f9a0a2abafda,AMD Ryzen 7 5700,AMD,AM4,Zen 3,DDR4,8,16,3.7,4.6,65.0,0.9,2.0,36.8
46b131f6-a122-4028-bf08-56543b14ab7d,Intel Core i3 12100T,Intel,LGA1700,Alder Lake,DDR5,4,8,2.2,4.1,35.0,1.9,2.0,16.4
46e05be5-b575-4838-8299-e5993a5dabbf,AMD A-Series A4 6300B 3.7 GHz 2-Core FM2,AMD,FM2,Piledriver,,2,2,3.7,3.9,65.0,0.2,1.0,7.8
48ac4925-1fce-4bf9-8002-a3bb6c0afe4f,Intel Core i5 10500 OEM/Tray,Intel,LGA1200,Comet Lake,DDR4,6,12,3.1,4.5,65.0,1.4,2.0,27.0
48d0ae54-1282-4393-951a-d36928cd2938,AMD A6-9550 OEM/Tray,AMD,AM4,Excavator,DDR4,2,2,3.8,4.0,65.0,0.2,1.0,8.0
48e1de64-e4a3-484b-8de6-edc06c83df06,AMD EPYC 4564P,AMD,AM5,Zen 4,DDR5,16,32,4.5,5.7,170.0,1.2,2.0,91.2
49ba0ecb-9fd9-46a0-a753-62c4d0a6a538,AMD A8-7600,AMD,FM2+,Steamroller,DDR3,4,4,3.1,3.8,65.0,0.7,1.0,15.2
4a3a45bb-fe47-449a-8a78-44d023e1bacc,AMD Athlon X4 880K 4 GHz 4-Core FM2+ OEM/Tray,AMD,FM2+,Steamroller,,4,4,4.0,4.2,95.0,0.2,1.0,16.8
4a6afe32-37f9-45c5-88ac-bf43d847e3e4,Intel Core i7-7800X,Intel,LGA2066,Skylake,DDR4,6,12,3.5,4.0,140.0,0.5,2.0,24.0
4af10421-db87-4428-bfc7-b558795348e4,Intel Xeon E5-2699 v3 OEM/Tray,Intel,LGA2011,Haswell,DDR4,18,36,2.3,3.6,145.0,1.3,2.0,64.8
4b70d972-96c3-4813-b291-cce2c30eb149,AMD Ryzen 5 4500,AMD,AM4,Zen 2,DDR4,6,12,3.6,4.1,65.0,0.5,2.0,24.6
4bfe2666-b093-4403-8dc3-d42dc990a24b,Intel Xeon E5-2630 v3,Intel,LGA2011,Haswell,DDR4,8,16,2.4,3.2,85.0,0.8,2.0,25.6
4c755ff5-c35b-433b-a2fb-66e65d2ac68e,Intel Core i7 14700,Intel,LGA1700,Raptor Lake Refresh,DDR5,20,28,2.1,5.4,65.0,3.3,1.4,108.0
4d3bc941-a14c-4efb-a7e6-2dfdbe0a5ce4,Intel Xeon E5 4650,Intel,LGA2011,Sandy Bridge EP,DDR3,8,16,2.7,3.3,130.0,0.6,2.0,26.4
4d8d9d6b-723c-40ee-b1e9-e6665c58ae75,Intel Core Ultra 7 265K,Intel,LGA1851,Arrow Lake,DDR5,20,20,3.9,5.4,125.0,1.5,1.0,108.0
4dcfffec-423b-4052-8aca-db6c0f84bb43,AMD Ryzen 7 7800X3D,AMD,AM5,Zen 4,DDR5,8,16,4.2,5.0,120.0,0.8,2.0,40.0
4e0af660-9587-412f-9d17-d17310c446d8,Intel Xeon E3 1270 V5 3.6 GHz 4-Core LGA1151 OEM/Tray,Intel,LGA1151,Skylake,,4,8,3.6,4.0,80.0,0.4,2.0,16.0
4e2fbb63-b98f-4b3a-8eca-a1defdbcb970,AMD Athlon X4 760K,AMD,FM2,Piledriver,DDR3,4,4,3.8,4.1,100.0,0.3,1.0,16.4
4e43c899-6134-42d3-a3a2-bcb5177d82d8,Intel Core i9 7920X,Intel,LGA2066,Skylake,DDR4,12,24,2.9,4.4,140.0,1.5,2.0,52.8
4e595e68-eb83-4cc3-9118-653b05747d5a,Intel Core i3 8100,Intel,LGA1151,Coffee Lake,DDR4,4,4,3.6,,65.0,-3.6,1.0,
4e6c1ad8-8bc8-4e6d-a384-10ff8335d427,Intel Xeon E5-2680 v4,Intel,LGA2011,Broadwell,DDR4,14,28,2.4,3.3,120.0,0.9,2.0,46.2
4e6f82c0-c099-4640-95b3-9d3266e9886a,Intel Core i7 7700,Intel,LGA1151,Kaby Lake,DDR4,4,8,3.6,4.2,65.0,0.6,2.0,16.8
4e7cc444-43db-41c6-8f70-fdee1932ee05,Intel Core i9 9900,Intel,LGA1151,Coffee Lake Refresh,DDR4,8,16,3.1,5.0,65.0,1.9,2.0,40.0
4f06759f-c06d-4b90-bbdb-b37b37d3c5b3,Intel Xeon E5 2658 V3 2.2 GHz 12-Core LGA2011-3,Intel,LGA2011,Haswell,,12,24,2.2,2.9,105.0,0.7,2.0,34.8
4fb54223-132b-42ac-b668-4be50bb6df71,AMD Ryzen 9 7950X3D,AMD,AM5,Zen 4,DDR5,16,32,4.2,5.7,120.0,1.5,2.0,91.2
4fd216c7-0579-4576-846e-723a6d537555,Intel Core i5 8600K,Intel,LGA1151,Coffee Lake,DDR4,6,6,3.6,4.3,95.0,0.7,1.0,25.8
50930d6c-0ca5-44a1-9f31-26e59611f8fb,Intel Xeon E5 1620 OEM/Tray,Intel,LGA2011,Sandy Bridge,DDR3,4,8,3.6,3.8,130.0,0.2,2.0,15.2
50d672fd-cb38-42d1-9b4f-4e5de11d2065,AMD Ryzen 7 1800X 3.6 GHz 8-Core AM4 OEM/Tray,AMD,AM4,Zen,DDR4,8,16,3.6,4.0,95.0,0.4,2.0,32.0
51585d60-2575-4abb-9283-9900580d53e1,Intel Xeon E 2124 3.3 GHz 4-Core LGA1151,Intel,LGA1151,Coffee Lake,,4,4,3.3,4.3,71.0,1.0,1.0,17.2
518c44bf-d6d8-41d9-99b8-752d15af5021,Intel Xeon E5-2695 v3 OEM/Tray,Intel,LGA2011,Haswell,DDR4,14,28,2.3,3.3,120.0,1.0,2.0,46.2
51d94d56-b80d-4ea9-9653-f3588535f558,Intel Core i3 7100T,Intel,LGA1151,Kaby Lake,DDR4,2,4,3.4,,35.0,-3.4,2.0,
51de7b78-f771-4e48-9e54-cf98e5f7128a,AMD A-Series A8 7670K 3.6 GHz 4-Core FM2+,AMD,FM2+,Steamroller,,4,4,3.6,3.9,95.0,0.3,1.0,15.6
51ed618a-fade-4996-8480-c98e10f49271,Intel Core i9-7980XE,Intel,LGA2066,Skylake,DDR4,18,36,2.6,4.4,165.0,1.8,2.0,79.2
52046b4b-1ff1-4593-9cc5-f007a38fa409,Intel Core i9 9900KS,Intel,LGA1151,Coffee Lake Refresh,DDR4,8,16,4.0,5.0,127.0,1.0,2.0,40.0
529da8f1-d398-4ef3-b6c9-2a2a2dde4b14,Intel Core i7 6900K,Intel,LGA2011,Broadwell E,DDR4,8,16,3.2,4.0,140.0,0.8,2.0,32.0
52fdaf26-948d-4f20-97bd-13ba298abac5,Intel Core i7 7700T,Intel,LGA1151,Kaby Lake,DDR4,4,8,2.9,3.8,35.0,0.9,2.0,15.2
536e31d4-f1a4-4936-897a-8866bcfb01e6,Intel Core i9-14900KF,Intel,LGA1700,Raptor Lake Refresh,DDR5,24,32,3.2,6.0,125.0,2.8,1.33,144.0
53bba6ac-3ef1-4f1d-8079-9ccbedd463ef,Intel Core i5 4670S OEM/Tray,Intel,LGA1150,Haswell,DDR3,4,4,3.1,3.8,65.0,0.7,1.0,15.2
54157058-0ff5-4208-9466-5ce1e985ca7a,Intel Core i5 14600KF,Intel,LGA1700,Raptor Lake Refresh,DDR5,14,20,3.5,5.3,125.0,1.8,1.43,74.2
541df888-fb1f-4aae-854a-ba78665e4e68,AMD Opteron 6344,AMD,G34,Piledriver,DDR3,12,12,2.6,3.2,115.0,0.6,1.0,38.4
558f9e14-2ddd-4b02-8653-01011ef4cfe8,Intel Core i9 7960X,Intel,LGA2066,Skylake,DDR4,16,32,2.8,4.4,165.0,1.6,2.0,70.4
561fd78d-c0ca-4619-a942-92eacf4bfccf,AMD Ryzen 3 4100,AMD,AM4,Zen 2,DDR4,4,8,3.8,4.0,65.0,0.2,2.0,16.0
564c5e22-6f75-415c-ba9b-da1aef354435,Intel Xeon E3-1265L v3,Intel,LGA1150,Haswell,DDR3,4,8,2.5,3.7,45.0,1.2,2.0,14.8
56d6e30f-ad21-4435-a1e6-9cc613083c37,Intel Core i7 9700,Intel,LGA1151,Coffee Lake Refresh,DDR4,8,8,3.0,4.7,65.0,1.7,1.0,37.6
571a3898-fab2-4596-83fc-c37d0c7257de,Intel Core i7 4770K OEM/Tray,Intel,LGA1150,Haswell,DDR3,4,8,3.5,3.9,84.0,0.4,2.0,15.6
576892a0-c32b-4fc1-b85a-d09ae7c77824,AMD Ryzen 5 5600T OEM/Tray,AMD,AM4,Zen 3,DDR4,6,12,3.5,4.5,65.0,1.0,2.0,27.0
58042e92-814b-4b53-879a-4a3d6bae7ab4,AMD FX-8320E OEM/Tray,AMD,AM3+,Piledriver,DDR3,8,8,3.2,4.0,95.0,0.8,1.0,32.0
58e5d3a4-0c33-497b-88ff-0ce7713337f5,Intel Core i7 6700T,Intel,LGA1151,Skylake,DDR4,4,8,2.8,3.6,35.0,0.8,2.0,14.4
590f3a23-2873-41b2-95c2-1683c6436a2e,Intel Xeon E5-2640,Intel,LGA2011,Sandy Bridge EP,DDR3,6,12,2.5,3.0,95.0,0.5,2.0,18.0
596e5785-093c-4908-9a08-b34b24c20ab1,Intel Xeon E5 2687W 3.1 GHz 8-Core LGA2011 OEM/Tray,Intel,LGA2011,Sandy Bridge,,8,16,3.1,3.8,150.0,0.7,2.0,30.4
59f2b040-a1c1-4f45-b22d-07b2e2d129f1,Intel Xeon E5 2650L V3 OEM/Tray,Intel,LGA2011,Haswell,DDR4,12,24,1.8,2.5,65.0,0.7,2.0,30.0
5a121bc6-68bf-4644-9f94-93acb8c4df51,Intel Core i9 9960X,Intel,LGA2066,Skylake,DDR4,16,32,3.1,4.4,165.0,1.3,2.0,70.4
5a49ac5d-8247-4822-b065-5cfa926fbcb0,Intel Core i9 12900F,Intel,LGA1700,Alder Lake,DDR5,16,24,2.4,5.1,65.0,2.7,1.5,81.6
5a83927b-568f-4a4f-bb09-be8a06899ef6,Intel Xeon E3-1220 v6 OEM/Tray,Intel,LGA1151,Kaby Lake,DDR4,4,4,3.0,3.5,72.0,0.5,1.0,14.0
5a83dd91-ac5a-4c36-a516-4c9a61e41189,AMD Athlon X2 350 OEM/Tray,AMD,FM2,Piledriver,DDR3,2,2,3.5,3.9,65.0,0.4,1.0,7.8
5b36b052-1da1-4e1d-aeba-16e5bd89a309,Intel Xeon E5-2680 v3,Intel,LGA2011,Haswell,DDR4,12,24,2.5,3.3,120.0,0.8,2.0,39.6
5b3f1331-be66-43b0-b094-ac032d946b0c,AMD Ryzen 5 8500G,AMD,AM5,"2x Zen 4 , 4x Zen 4c",DDR5,6,12,4.1,5.0,65.0,0.9,2.0,30.0
5b57282e-8150-4f6c-bebc-c7282e5c61a1,AMD A8-7650K OEM/Tray,AMD,FM2+,Steamroller,DDR3,4,4,3.3,3.8,95.0,0.5,1.0,15.2
5c9ce771-76dc-4c06-8b86-c32d90be9b46,AMD A8-7650K,AMD,FM2+,Steamroller,DDR3,4,4,3.3,3.8,95.0,0.5,1.0,15.2
5cb67090-1414-4608-b202-f2ceccb99d3a,Intel Core i7-11700,Intel,LGA1200,Rocket Lake,DDR4,8,16,2.5,4.9,65.0,2.4,2.0,39.2
5cc1e75e-eac7-4622-a6fb-47ed681c5f4d,AMD A6-6420K,AMD,FM2,Piledriver,DDR3,2,2,4.0,4.2,65.0,0.2,1.0,8.4
5cdc16ba-b3b6-40cc-bc31-853be0ed656d,Intel Xeon E5-2640 v3,Intel,LGA2011,Haswell,DDR4,8,16,2.6,3.4,90.0,0.8,2.0,27.2
5d09089e-4e1d-4498-9b3f-e4f67f752aa7,Intel Core i7 6800K,Intel,LGA2011,Broadwell E,DDR4,6,12,3.4,3.6,140.0,0.2,2.0,21.6
5ddb1d54-bfdc-4a6b-9142-771d85707856,AMD Ryzen Threadripper 1920X,AMD,TR4,Zen,DDR4,12,24,3.5,4.0,180.0,0.5,2.0,48.0
5e2a8f98-9fe3-43d6-a48f-0512722287b1,Intel Core i3 9300,Intel,LGA1151,Coffee Lake,DDR4,4,4,3.7,4.3,62.0,0.6,1.0,17.2
5e4498ad-3d4d-4ce7-b5f2-65c25d2a7cde,Intel Core i5 7500T 2.7 GHz 4-Core LGA1151,Intel,LGA1151,Kaby Lake,,4,4,2.7,3.3,35.0,0.6,1.0,13.2
5eb15d84-bd3a-48cb-a576-aebc04fdce7b,Intel Core i3 9300 OEM/Tray,Intel,LGA1151,Coffee Lake,DDR4,4,4,3.7,4.3,62.0,0.6,1.0,17.2
5f51e9c7-0333-4052-94cf-29c3b5cc26db,Intel Xeon E 2146G 3.5 GHz 6-Core LGA1151 OEM/Tray,Intel,LGA1151,Coffee Lake,,6,12,3.5,4.5,80.0,1.0,2.0,27.0
5fbb1479-6d3e-41bb-8007-da5f747249f5,Intel Core i9 10900K,Intel,LGA1200,Comet Lake,DDR4,10,20,3.7,5.3,125.0,1.6,2.0,53.0
5ffd311e-c8f8-4bc5-83bc-bfffe5959645,Intel Core i5 8600T OEM/Tray,Intel,LGA1151,Coffee Lake,DDR4,6,6,2.3,3.7,35.0,1.4,1.0,22.2
6015ca67-7422-475b-81be-b143aba0d9f4,Intel Xeon E5-2640 v4,Intel,LGA2011,Broadwell,DDR4,10,20,2.4,3.4,90.0,1.0,2.0,34.0
6030a0b4-dc81-4bd6-bc2c-819e643f3a7d,Intel Core i3 14100,Intel,LGA1700,Raptor Lake Refresh,DDR5,4,8,3.5,4.7,60.0,1.2,2.0,18.8
60790f0f-eeb6-4705-91b3-2cb9edaa0340,Intel Core i7 6900K 3.2 GHz 8-Core LGA2011-3,Intel,LGA2011,Broadwell,,8,16,3.2,3.7,140.0,0.5,2.0,29.6
609f5722-7ed9-4e97-b65e-34b6af535107,AMD Ryzen Threadripper 9960X,AMD,STR5,Zen 5,DDR5,24,48,4.2,5.4,350.0,1.2,2.0,129.6
60a8ba0d-d6a5-4e84-89df-a5ca2a8915c9,AMD Ryzen 7 7700X,AMD,AM5,Zen 4,DDR5,8,16,4.5,5.4,105.0,0.9,2.0,43.2
60e91901-71e2-42f8-a245-f3a1be627151,AMD Athlon X4 970 3.8 GHz 4-Core AM4,AMD,AM4,Excavator,DDR4,4,4,3.8,4.0,65.0,0.2,1.0,16.0
61524df0-3c26-49c3-b7db-b056ad3d3028,Intel Core i5 14600K,Intel,LGA1700,Raptor Lake Refresh,DDR5,14,20,3.5,5.3,125.0,1.8,1.43,74.2
616b97e2-782a-4a0c-80cf-f8b56a9cf18b,AMD EPYC 4464P,AMD,AM5,Zen 4,DDR5,12,24,3.7,5.4,65.0,1.7,2.0,64.8
618ecc4c-b808-4c02-ac5f-ed5d338af257,AMD A8 7670K 3.6 GHz 4-Core FM2+,AMD,FM2+,Steamroller,,4,4,3.6,3.9,95.0,0.3,1.0,15.6
61ccec51-9636-400c-b879-2ac9dcea439f,Intel Core i9 9960X,Intel,LGA2066,Skylake,DDR4,16,32,3.1,4.5,165.0,1.4,2.0,72.0
622de591-d901-4b0f-b6bf-7b4ffe185bfc,AMD A8-7680,AMD,FM2+,Excavator,DDR3,4,4,3.5,3.8,45.0,0.3,1.0,15.2
622e7110-ebf4-4040-93f6-5b37e82ff02e,Intel Core i7 14700K,Intel,LGA1700,Raptor Lake Refresh,DDR5,20,28,3.4,5.5,125.0,2.1,1.4,110.0
6233c260-d628-42bf-922b-fdfec2f22938,Intel Core i7 10700K,Intel,LGA1200,Comet Lake,DDR4,8,16,3.8,5.1,125.0,1.3,2.0,40.8
62796b62-0aa6-4a09-a2d5-5470a5c4d96c,Intel Core i7 11700F,Intel,LGA1200,Rocket Lake,DDR4,8,16,2.5,4.9,65.0,2.4,2.0,39.2
62959454-cb04-46c8-a94f-3f194a120e78,Intel Xeon E3-1240 v6 OEM/Tray,Intel,LGA1151,Kaby Lake,DDR4,4,8,3.7,4.1,72.0,0.4,2.0,16.4
62ae475a-b7db-4604-85cb-b0103c24345c,AMD Ryzen 7 PRO 7745,AMD,AM5,Zen 4,DDR5,8,16,3.8,5.3,65.0,1.5,2.0,42.4
63e78ef0-3723-44e2-b64d-ae7ef297cc46,Intel Core i3 12100,Intel,LGA1700,Alder Lake,DDR5,4,8,3.3,4.3,60.0,1.0,2.0,17.2
63f23f26-d52c-4e3c-be6e-0d25163cff59,AMD Ryzen 9 7950X,AMD,AM5,Zen 4,DDR5,16,32,4.5,5.7,170.0,1.2,2.0,91.2
643db234-d326-42e4-b784-e25315ef41e1,Intel Xeon E3 1240 V6 3.7 GHz 4-Core LGA1151,Intel,LGA1151,Kaby Lake,,4,8,3.7,4.1,72.0,0.4,2.0,16.4
643f6223-be25-462c-b89b-9470d84a2c56,AMD FX-6130 OEM/Tray,AMD,AM3+,Bulldozer,DDR3,6,6,3.6,3.9,95.0,0.3,1.0,23.4
654e2042-fc90-4f49-a660-88193dab96cc,Intel Xeon E3 1276 v3,Intel,LGA1150,Haswell,DDR3,4,8,3.6,4.0,84.0,0.4,2.0,16.0
65d71712-5992-4183-8801-83ea0853e677,Intel Core i5 7600K,Intel,LGA1151,Kaby Lake,DDR4,4,4,3.8,4.2,91.0,0.4,1.0,16.8
65d8587b-e6ea-490d-b059-9d545cafe8e0,Intel Pentium Gold G7400,Intel,LGA1700,Alder Lake,DDR5,2,4,3.7,,46.0,-3.7,2.0,
67819769-5977-47cf-b545-9439fb0c4fa5,Intel Core i3 9320,Intel,LGA1151,Coffee Lake,DDR4,4,4,3.7,4.4,62.0,0.7,1.0,17.6
686841ce-0c4d-4b7e-ae30-3be37164b3b6,AMD A4-4020 OEM/Tray,AMD,FM2,Piledriver,DDR3,2,2,3.2,3.4,65.0,0.2,1.0,6.8
688d44d2-2880-4470-94b3-48a3adb70dcf,Intel Core i5 6600K,Intel,LGA1151,Skylake,DDR4,4,4,3.5,3.9,91.0,0.4,1.0,15.6
697e6495-03e9-4fdb-a147-4254b8ffaf33,Intel Xeon E3-1230 v6 OEM/Tray,Intel,LGA1151,Kaby Lake,DDR4,4,8,3.5,3.9,72.0,0.4,2.0,15.6
6988a466-9cf6-491a-98af-d926e9ce608b,Intel Core i9 9900K,Intel,LGA1151,Coffee Lake Refresh,DDR4,8,16,3.6,5.0,95.0,1.4,2.0,40.0
69d0fa11-ceff-43ac-9e1f-611b9e9286b0,Intel Core i7 5820K,Intel,LGA2011,Haswell E,DDR4,6,12,3.3,3.6,140.0,0.3,2.0,21.6
69ea06c9-850f-48c9-ae60-9b1b5525c040,AMD FX-8370,AMD,AM3+,Piledriver,DDR3,8,8,4.0,4.3,125.0,0.3,1.0,34.4
6a068da8-54a5-4ff3-a8cf-a066cdaf0ae5,AMD Ryzen 7 2700 OEM/Tray,AMD,AM4,Zen+,DDR4,8,16,3.2,4.1,65.0,0.9,2.0,32.8
6a1ab0c4-2b0f-442c-b058-64ee490c8fc6,AMD Ryzen 5 PRO 7645 OEM/Tray,AMD,AM5,Zen 4,DDR5,6,12,3.8,5.1,65.0,1.3,2.0,30.6
6ac6af9c-ce11-4466-bdc2-781547645907,Intel Core Ultra 5 245KF,Intel,LGA1851,Arrow Lake,DDR5,14,14,4.2,5.2,125.0,1.0,1.0,72.8
6afef332-8827-4395-aab4-da636e15e414,Intel Core i9 9940X,Intel,LGA2066,Skylake,DDR4,14,28,3.3,4.5,165.0,1.2,2.0,63.0
6b03b443-7b22-491c-b301-7e2a285359df,AMD Ryzen 5 7600,AMD,AM5,Zen 4,DDR5,6,12,3.8,5.1,65.0,1.3,2.0,30.6
6b92af7a-53e6-4f2d-9884-104985c96939,Intel Xeon E 2236 3.4 GHz 6-Core LGA1151,Intel,LGA1151,Coffee Lake Refresh,,6,12,3.4,4.8,80.0,1.4,2.0,28.8
6bb52247-ea4c-4fdf-9b79-4c4c50a59c62,AMD A10-6790K,AMD,FM2,Piledriver,DDR3,4,4,4.0,4.3,100.0,0.3,1.0,17.2
6c0ac2b9-20b2-40f8-b206-06877dc8f047,AMD Ryzen 7 5800X3D 3.4 GHz 8-Core AM4,AMD,AM4,Zen 3,DDR4,8,16,3.4,4.5,105.0,1.1,2.0,36.0
6c6e1256-9fe2-4499-9e75-f0e4b09b169c,Intel Core i9 13900KS,Intel,LGA1700,Raptor Lake Refresh,DDR5,24,32,3.2,6.0,150.0,2.8,1.33,144.0
6c855be2-28df-4960-9085-a26ca3d4cb76,Intel Core i9 10980XE,Intel,LGA2066,Cascade Lake,DDR4,18,36,3.0,4.8,165.0,1.8,2.0,86.4
6c8f1373-cb1e-4037-b04a-0c97545df8ed,Intel Xeon E5 1660 V2 3.7 GHz 6-Core LGA2011 OEM/Tray,Intel,LGA2011,Ivy Bridge,,6,12,3.7,4.0,130.0,0.3,2.0,24.0
6ca6759f-470e-4279-999b-8101f511d32f,AMD PRO A10-7850B OEM/Tray,AMD,FM2+,Steamroller,DDR3,4,4,3.7,4.0,95.0,0.3,1.0,16.0
6cac8d9c-b7e4-4ad4-a06d-ecb5c06220a4,AMD Ryzen Threadripper 7960X,AMD,STR5,Zen 4,DDR5,24,48,4.2,5.3,350.0,1.1,2.0,127.2
6ce56c54-ee7e-462a-a5c2-13c213baa034,AMD Ryzen 5 3500,AMD,AM4,Zen 2,DDR4,6,6,3.6,4.1,65.0,0.5,1.0,24.6
6d0bc8fb-705d-4175-8fcd-0f6d16d5bb0a,Intel Core i9 10980XE,Intel,LGA2066,Cascade Lake,DDR4,18,36,3.0,4.8,165.0,1.8,2.0,86.4
6d3271f1-8116-48cc-906b-f0faa1f6313d,Intel Core Ultra 5 235,Intel,LGA1851,Arrow Lake,DDR5,14,14,3.4,5.0,65.0,1.6,1.0,70.0
6d407744-c962-438e-b592-071bc5dea994,Intel Xeon E-2124G,Intel,LGA1151,Coffee Lake,DDR4,4,4,3.4,4.5,71.0,1.1,1.0,18.0
6d7b7dbb-ffa4-48a5-ac1d-566aac004c4c,Intel Xeon E5-2643 v3 OEM/Tray,Intel,LGA2011,Haswell,DDR4,6,12,3.4,3.7,135.0,0.3,2.0,22.2
6d82f8fd-3d58-413a-a2ff-e53635192444,Intel Core i7 8086K,Intel,LGA1151,Coffee Lake,DDR4,6,12,4.0,5.0,95.0,1.0,2.0,30.0
6de74123-8810-41c3-b902-dda55ca5ed43,Intel Xeon E5-1620 v4 OEM/Tray,Intel,LGA2011,Broadwell,DDR4,4,8,3.5,3.8,140.0,0.3,2.0,15.2
6e0c030f-3100-4cce-a94c-b0120527114e,AMD Ryzen 5 5600XT,AMD,AM4,Zen 3,DDR4,6,12,3.7,4.7,65.0,1.0,2.0,28.2
6e10eb7e-4936-4b49-8007-ad3a09dc291a,AMD A4 6320 3.8 GHz 2-Core FM2,AMD,FM2,Piledriver,,2,2,3.8,4.0,65.0,0.2,1.0,8.0
6f04117e-95fd-483a-9b27-31b2ba116adc,Intel Core i9 9920X 3.5 GHz 12-Core LGA2066,Intel,LGA2066,Skylake,,12,24,3.5,4.4,165.0,0.9,2.0,52.8
6f26463d-b846-43af-9b16-523ac398be66,Intel Core i9 10940X,Intel,LGA2066,Cascade Lake,DDR4,14,28,3.3,4.8,165.0,1.5,2.0,67.2
7054ae11-4aad-409d-a9ab-65abbc22caca,Intel Xeon E5 2637 V2 3.5 GHz 4-Core LGA2011 OEM/Tray,Intel,LGA2011,Ivy Bridge,,4,8,3.5,3.8,130.0,0.3,2.0,15.2
70bae351-5e16-46d2-ac14-821d393b6244,AMD Ryzen 9 3900X,AMD,AM4,Zen 2,DDR4,12,24,3.8,4.6,105.0,0.8,2.0,55.2
7201515e-9de2-4f91-a732-aa01bafa6785,AMD Ryzen 5 5600T,AMD,AM4,Zen 3,DDR4,6,12,3.5,4.5,65.0,1.0,2.0,27.0
7272e5f1-7e89-41a9-a45d-d4ff55e48d1e,Intel Core i7 4770K,Intel,LGA1150,Haswell,DDR3,4,8,3.5,3.9,84.0,0.4,2.0,15.6
7377252c-2ad0-4602-ba1e-a4501d981d4c,Intel Xeon E5 2630 V2 2.6 GHz 6-Core LGA2011 OEM/Tray,Intel,LGA2011,Ivy Bridge,,6,12,2.6,3.1,80.0,0.5,2.0,18.6
74246a26-6482-4c8c-8ebf-67122c81cdde,Intel Core i5 9500F OEM/Tray,Intel,LGA1151,Coffee Lake,DDR4,6,6,3.0,4.4,65.0,1.4,1.0,26.4
7505f3bc-2762-4f9d-ac53-7877a4a4f9b5,AMD Ryzen 7 2700X,AMD,AM4,Zen+,DDR4,8,16,3.7,4.3,105.0,0.6,2.0,34.4
7564da71-725e-4a56-9d79-d80377b7a92f,AMD Ryzen 5 5600G,AMD,AM4,Zen 3,DDR4,6,12,3.9,4.4,65.0,0.5,2.0,26.4
761d5501-690d-48e2-ba1e-4cceba77c9ec,AMD A4-4020,AMD,FM2,Piledriver,DDR3,2,2,3.2,3.4,65.0,0.2,1.0,6.8
766557bd-4a3c-4fb1-93e4-2e12c0264a74,Intel Core i5 10400F,Intel,LGA1200,Comet Lake,DDR4,6,12,2.9,4.3,65.0,1.4,2.0,25.8
77063356-dfab-449c-b57b-cb57cb00d455,Intel Core i9-11900F,Intel,LGA1200,Rocket Lake,DDR4,8,16,2.5,5.2,65.0,2.7,2.0,41.6
77b34328-7f21-480e-8293-c9f24b25564c,Intel Core i9 9900K,Intel,LGA1151,Coffee Lake Refresh,DDR4,8,16,3.6,5.0,95.0,1.4,2.0,40.0
77d5724f-dbd3-463f-aa65-055860a2810d,Intel Celeron G6900,Intel,LGA1700,Alder Lake,DDR5,2,2,3.4,,46.0,-3.4,1.0,
78196eaf-6ffa-4232-976b-c50e0680157e,AMD Ryzen 9 7900X3D,AMD,AM5,Zen 4,DDR5,12,24,4.4,5.6,120.0,1.2,2.0,67.2
7852956d-2a9f-49e2-b4f9-5978b5a20591,Intel Xeon E5-2440 v2,Intel,LGA1356,Ivy Bridge EN,DDR3,8,16,1.9,2.4,95.0,0.5,2.0,19.2
78745c83-e66a-4d98-888d-d440979da3c4,Intel Xeon E5-2650L OEM/Tray,Intel,LGA2011,Sandy Bridge EP,DDR3,8,16,1.8,2.3,70.0,0.5,2.0,18.4
789b238e-e475-43ec-b19f-e983837788c9,Intel Core i7 4770,Intel,LGA1150,Haswell,DDR3,4,8,3.4,3.9,84.0,0.5,2.0,15.6
7902c011-a69a-4cf3-bcad-0baa94831e43,Intel Core i7 9800X 3.8 GHz 8-Core LGA2066 OEM/Tray,Intel,LGA2066,Skylake,,8,16,3.8,4.5,165.0,0.7,2.0,36.0
7934f7d1-9dcf-4d51-853c-a0953abde6fe,Intel Core i7 7740X 4.3 GHz 4-Core LGA2066,Intel,LGA2066,Kaby Lake,,4,8,4.3,4.5,112.0,0.2,2.0,18.0
79613547-55d7-4ec2-ab6d-317322383af9,Intel Core i3 9350K,Intel,LGA1151,Coffee Lake,DDR4,4,4,4.0,4.6,91.0,0.6,1.0,18.4
79ba4e92-329a-4a2a-a8e3-c0ada060120b,Intel Xeon E5-2670 v3,Intel,LGA2011,Haswell,DDR4,12,24,2.3,3.1,120.0,0.8,2.0,37.2
7a9c7440-6aca-4f8e-a6a1-9ae438789cd9,AMD Ryzen 3 3100,AMD,AM4,Zen 2,DDR4,4,8,3.6,3.9,65.0,0.3,2.0,15.6
7ab840c3-8c52-4ced-a65c-7b0922ca479e,AMD Ryzen 7 9800X3D,AMD,AM5,Zen 5,DDR5,8,16,4.7,5.2,120.0,0.5,2.0,41.6
7bcf034c-041b-45f1-bbde-9dafc7f0fb8c,AMD Ryzen Threadripper PRO 7965WX,AMD,STR5,Zen 4,DDR5,24,48,4.2,5.3,350.0,1.1,2.0,127.2
7bf2f913-1f98-47fb-89b6-979704c62472,Intel Core i5 6600T 2.7 GHz 4-Core LGA1151,Intel,LGA1151,Skylake,,4,4,2.7,3.5,35.0,0.8,1.0,14.0
7c436acd-e411-40a5-9c9d-3c668029996e,AMD Ryzen Threadripper PRO 9995WX,AMD,STR5,Zen 5,DDR5,96,192,2.5,5.4,350.0,2.9,2.0,518.4
7cbf59b4-fe0b-4941-8d69-51bb87d8fe51,Intel Core Ultra 5 245K,Intel,LGA1851,Arrow Lake,DDR5,14,14,4.2,5.2,125.0,1.0,1.0,72.8
7d92d031-e565-4985-a288-89f8691bdd61,Intel Xeon E5-2680 v3 OEM/Tray,Intel,LGA2011,Haswell,DDR4,12,24,2.5,3.3,120.0,0.8,2.0,39.6
7e0be556-2750-435b-b573-917a6703a70a,Intel Core i5 10600,Intel,LGA1200,Comet Lake,DDR4,6,12,3.3,4.8,65.0,1.5,2.0,28.8
7e2631f6-7672-4930-9c02-728bab88198f,AMD Ryzen™ 5 7500F,AMD,AM5,Zen 4,DDR5,6,12,3.7,5.0,65.0,1.3,2.0,30.0
7e3e1ea3-19af-4d0b-b50a-61e344d92236,Intel Core i5 3550S OEM/Tray,Intel,LGA1155,Ivy Bridge,DDR3,4,4,3.0,3.7,65.0,0.7,1.0,14.8
7f001c73-b6ad-4adc-a2cf-e4f3d300bb5a,Intel Core i9 13900,Intel,LGA1700,Raptor Lake,DDR5,24,32,2.0,5.6,65.0,3.6,1.33,134.4
7f048ac5-0eae-400d-9574-ca3bf0c612f1,Intel Core i5 9500 OEM/Tray,Intel,LGA1151,Coffee Lake,DDR4,6,6,3.0,4.4,65.0,1.4,1.0,26.4
7f0f36c1-c2c5-4bb9-bc9d-e3be2999a3fc,Intel Core i7 13700,Intel,LGA1700,Raptor Lake,DDR5,16,24,2.1,5.2,65.0,3.1,1.5,83.2
7f125c39-b1e1-41f3-8ae8-562d3d5e6467,AMD Ryzen 5 3500X OEM/Tray,AMD,AM4,Zen 2,DDR4,6,6,3.6,4.1,65.0,0.5,1.0,24.6
7f47e9d7-37da-42a6-a45b-30524e83db27,Intel Xeon E5-2683 v4 OEM/Tray,Intel,LGA2011,Broadwell,DDR4,16,32,2.1,3.0,120.0,0.9,2.0,48.0
7fb6ddb6-7d41-4cfa-ac44-c29e4bed27c6,Intel Core i9 10900K,Intel,LGA1200,Comet Lake,DDR4,10,20,3.7,5.3,125.0,1.6,2.0,53.0
7fd9108b-8390-4f29-9d80-30d6cc7588db,Intel Xeon E3-1246 v3,Intel,LGA1150,Haswell,DDR3,4,8,3.5,3.9,84.0,0.4,2.0,15.6
8029ae47-ace5-4bb5-a495-83664d250f49,Intel Core i5 6500,Intel,LGA1151,Skylake,DDR4,4,4,3.2,3.6,65.0,0.4,1.0,14.4
80ddf430-efb7-4abf-8ba0-ad0639b4a944,Intel Core i5 4590S,Intel,LGA1150,Haswell,DDR3,4,4,3.0,3.7,65.0,0.7,1.0,14.8
80eb4799-e845-4499-b4d2-6fdc253d9a48,Intel Core i9-14900KS,Intel,LGA1700,Raptor Lake Refresh,DDR5,24,32,3.2,5.7,150.0,2.5,1.33,136.8
82e101d8-9816-4a6e-9d5a-7090e6933eea,Intel Core i7 12700F,Intel,LGA1700,Alder Lake,DDR5,12,20,2.1,4.9,65.0,2.8,1.67,58.8
8394d851-4c6d-4182-87dd-fee84df4a01c,Intel Xeon E5-2630 v2,Intel,LGA2011,Ivy Bridge EP,DDR3,6,12,2.6,3.1,80.0,0.5,2.0,18.6
83aee1bc-820b-42e4-a062-efb06b659df2,Intel Core i5 9600KF,Intel,LGA1151,Coffee Lake,DDR4,6,6,3.7,4.6,95.0,0.9,1.0,27.6
83dd64e0-32d8-4ca9-9c17-a6790266fc60,AMD Athlon X4 860K 3.7 GHz 4-Core FM2+ OEM/Tray,AMD,FM2+,Steamroller,,4,4,3.7,4.0,95.0,0.3,1.0,16.0
844f813a-23e6-465e-8541-b3a35c792861,AMD A10-7700K,AMD,FM2+,Steamroller,DDR3,4,4,3.4,3.8,95.0,0.4,1.0,15.2
8455248d-5594-4392-b2ba-f579ca98b6e6,AMD Athlon X4 940 3.2 GHz 4-Core AM4 OEM/Tray,AMD,AM4,Excavator,DDR4,4,4,3.2,3.6,65.0,0.4,1.0,14.4
84969f34-49dc-457b-a78a-2875fa58b424,AMD A8-9600,AMD,AM4,Excavator,DDR4,4,4,3.1,3.4,65.0,0.3,1.0,13.6
850de815-7c76-48e5-8097-a009109be14b,AMD Ryzen 5 7600X3D,AMD,AM5,Zen 4,DDR5,6,12,4.1,4.7,65.0,0.6,2.0,28.2
85614f1f-2102-4099-ab88-7ff3af4d5b16,Intel Xeon E5-2620 v4,Intel,LGA2011,Broadwell,DDR4,8,16,2.1,3.0,85.0,0.9,2.0,24.0
868feebe-9c5d-47c2-b0e9-4aa78708b574,Intel Core i7 12700,Intel,LGA1700,Alder Lake,DDR5,12,20,2.1,4.9,65.0,2.8,1.67,58.8
87a598a3-432b-4481-8f6a-5eb95e18fff1,Intel Xeon E5-2690 v2,Intel,LGA2011,Ivy Bridge EP,DDR3,10,20,3.0,3.6,130.0,0.6,2.0,36.0
8812a7c2-002c-4940-ad5d-93b62a1e3348,Intel Core i5 6600T OEM/Tray,Intel,LGA1151,Skylake,DDR4,4,4,2.7,3.5,35.0,0.8,1.0,14.0
88180f38-a27a-4c37-8022-5aeb06d158fe,Intel Xeon E3-1241 v3,Intel,LGA1150,Haswell,DDR3,4,8,3.5,3.9,80.0,0.4,2.0,15.6
88218b9c-2925-42c9-b551-cf3bb6529e2f,AMD FX 9370 4.4 GHz 8-Core AM3+ OEM/Tray,AMD,AM3+,Piledriver,,8,8,4.4,4.7,220.0,0.3,1.0,37.6
88335ff6-ffb7-4410-87d0-2b28cf7b1008,AMD Ryzen 9 5900X,AMD,AM4,Zen 3,DDR4,12,24,3.7,4.8,105.0,1.1,2.0,57.6
886af34a-4161-4ee6-a034-59746d3b57a2,Intel Xeon E3-1240 v5,Intel,LGA1151,Skylake,DDR4,4,8,3.5,3.9,80.0,0.4,2.0,15.6
891fb125-0c86-4ea2-ab5a-85bf033d8c6b,Intel Xeon E5-2698 v4 OEM/Tray,Intel,LGA2011,Broadwell,DDR4,20,40,2.2,3.6,135.0,1.4,2.0,72.0
8937791f-331b-4887-9847-82f6b047c59b,AMD Athlon X4 950,AMD,AM4,Excavator,DDR4,4,4,3.5,3.8,65.0,0.3,1.0,15.2
894887e4-ef92-4a69-a9c0-757340b8f6e6,Intel Core Ultra 7 265F,Intel,LGA1851,Arrow Lake,DDR5,20,20,2.4,5.3,65.0,2.9,1.0,106.0
8974c323-a771-45c8-ab96-48a386e83de1,Intel Core i5 9600K,Intel,LGA1151,Coffee Lake Refresh,DDR4,6,6,3.7,4.6,95.0,0.9,1.0,27.6
89eeefbe-a6d6-4f77-9c4d-025df2f10a3e,AMD Ryzen 7 3700X,AMD,AM4,Zen 2,DDR4,8,16,3.6,4.4,65.0,0.8,2.0,35.2
8a042a3a-8c29-4599-8be6-b93f55830e54,Intel Core i7 13700KF,Intel,LGA1700,Raptor Lake Refresh,DDR5,16,24,3.4,5.4,125.0,2.0,1.5,86.4
8a185318-6ca2-4a53-93b1-f01d9d5dbad1,Intel Core i9 12900KS,Intel,LGA1700,Alder Lake,DDR5,16,24,3.4,5.5,150.0,2.1,1.5,88.0
8a75e218-1c37-4639-9945-59d320271ffc,Intel Core i9 12900KF,Intel,LGA1700,Alder Lake,DDR5,16,24,3.2,5.2,125.0,2.0,1.5,83.2
8ab31f9c-94f6-4b90-92b3-1f7cccf87d06,Intel Xeon E3-1275 v6,Intel,LGA1151,Kaby Lake,DDR4,4,8,3.8,4.2,73.0,0.4,2.0,16.8
8af911b8-c83c-4f4f-90a0-67581e682702,AMD Athlon X4 970,AMD,AM4,Excavator,DDR4,4,4,3.8,4.0,65.0,0.2,1.0,16.0
8b3369aa-e320-4777-ba00-61cc17ec5bac,Intel Core i5 6400,Intel,LGA1151,Skylake,DDR4,4,4,2.7,3.3,65.0,0.6,1.0,13.2
8bc6e602-918f-4438-bf87-1e6e2a9311cc,Intel Xeon E5 2620 V2,Intel,LGA2011,Ivy Bridge EP,DDR3,6,12,2.1,2.6,80.0,0.5,2.0,15.6
8bcc853a-761a-4446-920c-5f9fd9450f57,Intel Xeon E5 2683 V3,Intel,LGA2011,Haswell,DDR4,14,28,2.0,3.0,120.0,1.0,2.0,42.0
8bcd138c-f058-4ccb-8bb1-a0803b7067a5,Intel Xeon E3-1235L v5 OEM/Tray,Intel,LGA1151,Skylake,DDR4,4,4,2.0,3.0,25.0,1.0,1.0,12.0
8bd90c74-e901-47b9-b83e-7688b912290b,AMD Athlon X4 860K,AMD,FM2+,Steamroller,DDR3,4,4,3.7,4.0,95.0,0.3,1.0,16.0
8bdf245c-1a7d-498d-bde4-eecc1c2d0015,Intel Xeon E5-1660 3.3 GHz 6-Core LGA2011,Intel,LGA2011,Sandy Bridge,,6,12,3.3,3.9,130.0,0.6,2.0,23.4
8bee943b-fbf9-4a79-8eca-57014707ba44,Intel Xeon E 2278G 3.4 GHz 8-Core LGA1151,Intel,LGA1151,Coffee Lake Refresh,,8,16,3.4,5.0,80.0,1.6,2.0,40.0
8bff3723-fbb9-4ad3-b97c-4750c1c37dc9,AMD Ryzen 5 3600 OEM/Tray,AMD,AM4,Zen 2,DDR4,6,12,3.6,4.2,65.0,0.6,2.0,25.2
8c135700-ba0d-4b26-a9f8-ec7b33acb47e,Intel Xeon E5 2690 2.9 GHz 8-Core LGA2011,Intel,LGA2011,Sandy Bridge,,8,16,2.9,3.8,135.0,0.9,2.0,30.4
8c59fccb-f3ae-4cd5-b96b-fd7d3b47a9c6,Intel Core i3 9350K OEM/Tray,Intel,LGA1151,Coffee Lake,DDR4,4,4,4.0,4.6,91.0,0.6,1.0,18.4
8ce055e1-4fd0-4f7b-8bc7-fa9f226e6b3d,Intel Xeon E5 1680 V3 OEM/Tray,Intel,LGA2011,Haswell,DDR4,8,16,3.2,3.8,140.0,0.6,2.0,30.4
8d8b2fcb-8a7b-4355-9235-b90ee7d0416d,Intel Core i7 11700K,Intel,LGA1200,Rocket Lake,DDR4,8,16,3.6,5.0,125.0,1.4,2.0,40.0
8d8fc082-483c-4e5a-980f-d6191a73f946,Intel Core i5 10400,Intel,LGA1200,Comet Lake,DDR4,6,12,2.9,4.3,65.0,1.4,2.0,25.8
8dbf139b-a0a0-40e3-b62d-687eb16b964e,Intel Xeon E-2146G,Intel,LGA1151,Coffee Lake,DDR4,6,12,3.5,4.5,80.0,1.0,2.0,27.0
8f4be642-fc35-4ec2-aa3d-e06c5eb21b10,AMD Ryzen 7 5800X,AMD,AM4,Zen 3,DDR4,8,16,3.8,4.7,105.0,0.9,2.0,37.6
8f586be2-4905-46b3-9334-8b28cfa5d9a4,Intel Core i5 5675C OEM/Tray,Intel,LGA1150,Broadwell,DDR3,4,4,3.1,3.6,65.0,0.5,1.0,14.4
8f7f7070-4e2f-458f-803e-d4558ed5a3c3,Intel Xeon E5 2695 V3 2.3 GHz 14-Core LGA2011-3,Intel,LGA2011,Haswell,,14,28,2.3,3.3,120.0,1.0,2.0,46.2
8f887239-9d8c-4991-ab07-f9d7dda9cf81,Intel Core i7 8700K OEM/Tray,Intel,LGA1151,Coffee Lake,DDR4,6,12,3.7,4.7,95.0,1.0,2.0,28.2
8fa3e52f-5fef-48ff-bba6-0f81708ccacf,AMD Ryzen 3 3200G,AMD,AM4,Zen+,DDR4,4,4,3.6,4.0,65.0,0.4,1.0,16.0
8fc4b00d-bab9-40e6-b277-bc8d77bea153,AMD Ryzen 7 5700G,AMD,AM4,Zen 3,DDR4,8,16,3.8,4.6,65.0,0.8,2.0,36.8
8fcefb4e-6fa9-4b70-8fa7-5679a9e15e9c,AMD Ryzen 9 9900X3D,AMD,AM5,Zen 5,DDR5,12,24,4.4,5.5,120.0,1.1,2.0,66.0
908c9770-d690-4831-a76c-dd596c151a5d,Intel Xeon E3-1220 v3,Intel,LGA1150,Haswell,DDR3,4,4,3.1,3.5,80.0,0.4,1.0,14.0
91fcaece-91d8-4e65-9150-12e2d032539c,Intel Xeon E5 2695 V2,Intel,LGA2011,Ivy Bridge EP,DDR3,12,24,2.4,3.2,115.0,0.8,2.0,38.4
92e90c8a-4ba7-4bab-934c-67cc037a9568,AMD Ryzen Threadripper PRO 7975WX,AMD,STR5,Zen 4,DDR5,32,64,4.0,5.3,350.0,1.3,2.0,169.6
92f76877-d37d-4026-a930-e71d0880d506,AMD A10-9700,AMD,AM4,Excavator,DDR4,4,4,3.5,3.8,65.0,0.3,1.0,15.2
93785a7d-3236-4698-8780-0a7451871913,Intel Core i9-13900F,Intel,LGA1700,Raptor Lake,DDR5,24,32,2.0,5.2,65.0,3.2,1.33,124.8
939fdb63-6331-4459-87ab-6810fd7c72eb,Intel Core i3 10105,Intel,LGA1200,Comet Lake,DDR4,4,8,3.7,4.4,65.0,0.7,2.0,17.6
93f48bd1-4813-4331-a8f0-276bdf6c5a51,Intel Core i7 9700F OEM / Tray,Intel,LGA1151,Coffee Lake,DDR4,8,8,3.0,4.7,65.0,1.7,1.0,37.6
94839eda-ee77-49d2-897c-c216fcc87911,Intel Xeon E3-1230 v3,Intel,LGA1150,Haswell,DDR3,4,8,3.3,3.7,80.0,0.4,2.0,14.8
94ed8079-1344-48d2-8ead-ec54d42b9c21,Intel Core i5 4690K,Intel,LGA1150,Haswell,DDR3,4,4,3.5,3.9,88.0,0.4,1.0,15.6
954f813a-ea12-440d-9159-854a65bcbde3,Intel Core Ultra 7 265,Intel,LGA1851,Arrow Lake,DDR5,20,20,2.4,5.3,65.0,2.9,1.0,106.0
9614e97c-cd22-4d17-8533-8ce8651d9348,Intel Xeon E5 1620 V2 OEM/Tray,Intel,LGA2011,Ivy Bridge EP,DDR3,4,8,3.7,3.9,130.0,0.2,2.0,15.6
968b85d5-ba51-42ca-9bb0-e469f5132898,Intel Xeon E5 2665 2.4 GHz 8-Core LGA2011 OEM/Tray,Intel,LGA2011,Sandy Bridge,,8,16,2.4,3.1,115.0,0.7,2.0,24.8
96adc181-a445-4ce5-8a40-c6dd28e5ca6e,AMD Ryzen Threadripper PRO 7945WX,AMD,STR5,Zen 4,DDR5,12,24,4.7,5.3,350.0,0.6,2.0,63.6
96c51703-09ad-4260-8125-fa3b7185abe8,Intel Xeon E5-2643 v4,Intel,LGA2011,Broadwell,DDR4,6,12,3.4,3.7,135.0,0.3,2.0,22.2
96da2a48-87d8-48b6-b4df-93e10546be5f,AMD A4-6320,AMD,FM2,Piledriver,DDR3,2,2,3.8,4.0,65.0,0.2,1.0,8.0
978c6a6e-24b6-4a23-b063-86a699eff902,Intel Core i7 9700KF,Intel,LGA1151,Coffee Lake Refresh,DDR4,8,8,3.6,4.9,95.0,1.3,1.0,39.2
9797d1e5-06e8-4048-bbb8-9743603ff6c2,Intel Xeon E5 2430 V2,Intel,LGA1356,Ivy Bridge EN,DDR3,6,12,2.5,3.0,80.0,0.5,2.0,18.0
97a1b424-136f-4c5b-9b7f-fd7a63bccc81,Intel Core i9 9920X 3.5 GHz 12-Core LGA2066 OEM/Tray,Intel,LGA2066,Skylake,,12,24,3.5,4.4,165.0,0.9,2.0,52.8
9851fef5-0cae-4ff8-91b4-67448fe260c9,Intel Xeon E 2144G OEM/Tray,Intel,LGA1151,Coffee Lake,DDR4,4,8,3.6,4.5,71.0,0.9,2.0,18.0
99464443-aee0-4b34-bb27-dc7e2594943c,AMD Ryzen 9 5900XT,AMD,AM4,Zen 3,DDR4,16,32,3.3,4.8,105.0,1.5,2.0,76.8
9a7ca5bd-0c01-4f16-ae1f-f2b5f50d2021,Intel Pentium Gold G5400,Intel,LGA1151,Coffee Lake,DDR4,2,4,3.7,,58.0,-3.7,2.0,
9af7e95a-b33e-42ba-b962-a52b981c1777,Intel Xeon E5-2640 v3 OEM/Tray,Intel,LGA2011,Haswell,DDR4,8,16,2.6,3.4,90.0,0.8,2.0,27.2
9b2f142a-6a8f-46bd-a0aa-4b842a20fa18,Intel Core Ultra 7 270K Plus,Intel,LGA1851,Arrow Lake Refresh,DDR5,24,24,3.7,5.5,125.0,1.8,1.0,132.0
9b42806a-944e-401b-9081-77071dc8ea85,AMD FX-8310,AMD,AM3+,Piledriver,DDR3,8,8,3.4,4.3,95.0,0.9,1.0,34.4
9ba01056-5190-4d7b-ade4-e930eeddd24c,Intel Core i7 7800X,Intel,LGA2066,Skylake,DDR4,6,12,3.5,4.0,140.0,0.5,2.0,24.0
9bbefd0a-08e7-4675-8ac4-7680ac600df7,AMD Athlon X2 450 OEM/Tray,AMD,FM2+,Steamroller,DDR3,2,2,3.5,3.9,65.0,0.4,1.0,7.8
9be9d04a-4d1a-4e06-a9ad-4dacd17cc8f1,Intel Core i3 10100T OEM/Tray,Intel,LGA1200,Comet Lake,DDR4,4,8,3.0,3.8,35.0,0.8,2.0,15.2
9cf38b8e-4736-454a-a3f2-8adf9a3ea139,Intel Xeon E-2176G,Intel,LGA1151,Coffee Lake,DDR4,6,12,3.7,4.7,80.0,1.0,2.0,28.2
9e33d743-2658-4a95-b0ea-4ce4a8c137bd,AMD Ryzen Threadripper 2920X OEM/Tray,AMD,TR4,Zen+,DDR4,12,24,3.5,4.3,180.0,0.8,2.0,51.6
9e6a18b0-8ea6-4cfc-a135-84a6c6819faa,Intel Core i7 6700T OEM/Tray,Intel,LGA1151,Skylake,DDR4,4,8,2.8,3.6,35.0,0.8,2.0,14.4
9ea982fe-1d3e-4600-b608-279496b2fedb,Intel Core i3 13100T OEM/Tray,Intel,LGA1700,Raptor Lake,DDR5,4,8,2.5,4.2,35.0,1.7,2.0,16.8
9ee0dbe7-c96f-45ef-a814-8c7d6c8b49a1,Intel Core i9 7980XE,Intel,LGA2066,Skylake,DDR4,18,36,2.6,4.4,165.0,1.8,2.0,79.2
9ee32220-f378-49ac-bf96-d6e2477e2063,Intel Core i7 7820X,Intel,LGA2066,Skylake,DDR4,8,16,3.6,4.5,140.0,0.9,2.0,36.0
9f02cb3b-f070-42cb-9fb0-79a5995c5fae,Intel Core i5 9500F OEM/Tray,Intel,LGA1151,Coffee Lake,DDR4,6,6,3.0,4.4,65.0,1.4,1.0,26.4
9f192a62-7a9d-4fb1-8e2c-9e3b6c8610f2,AMD Ryzen 5 3600XT 3.8 GHz 6-Core AM4,AMD,AM4,Zen 2,DDR4,6,12,3.8,4.5,95.0,0.7,2.0,27.0
9f7d0407-954b-492f-86cf-20f0c0150aed,Intel Core i3 14100F,Intel,LGA1700,Raptor Lake Refresh,DDR5,4,8,3.5,4.7,58.0,1.2,2.0,18.8
a020be7c-91fe-4ac1-b304-a9f2ba8268c4,Intel Core i3 9350KF,Intel,LGA1151,Coffee Lake,DDR4,4,4,4.0,4.6,91.0,0.6,1.0,18.4
a0415d5e-2c30-4133-873e-92a5f37ae9da,Intel Core Ultra 5 250KF Plus,Intel,LGA1851,Arrow Lake Refresh,DDR5,18,18,4.2,5.3,125.0,1.1,1.0,95.4
a0535313-5457-4b3a-8ff3-a7550e458406,Intel Core i9 12900K,Intel,LGA1700,Alder Lake,DDR5,16,24,3.2,5.2,125.0,2.0,1.5,83.2
a0b0d13b-626c-4dd2-a253-5ddbd67dba37,Intel Xeon E5 2687W V3 3.1 GHz 10-Core LGA2011-3 OEM/Tray,Intel,LGA2011,Haswell,,10,20,3.1,3.5,160.0,0.4,2.0,35.0
a10c71dc-1015-4bac-b802-ae04e70d487e,AMD FX-4320 OEM/Tray,AMD,AM3+,Piledriver,DDR3,4,4,4.0,4.2,95.0,0.2,1.0,16.8
a1272cd8-f01a-47d7-b41b-0381c2fd4ece,AMD FX-8350,AMD,AM3+,Vishera,DDR3,8,8,4.0,4.2,125.0,0.2,1.0,33.6
a1839f54-8d05-4b94-b1ab-6dcc43705dcd,AMD Ryzen Threadripper PRO 9955WX,AMD,STR5,Zen 5,DDR5,16,32,4.5,5.4,350.0,0.9,2.0,86.4
a1f1291c-5477-4a75-969c-cdda9ff681a1,Intel Core i9 7900X 3.3 GHz 10-Core LGA2066,Intel,LGA2066,Skylake,,10,20,3.3,4.5,140.0,1.2,2.0,45.0
a23a5235-8ab4-4dd1-b48d-ca1fbbf25a94,Intel Xeon E5-1620 v3,Intel,LGA2011,Haswell,DDR4,4,8,3.5,3.6,140.0,0.1,2.0,14.4
a317493e-ab39-47e0-80c1-dc7f8643d77c,AMD A6-9500E,AMD,AM4,Excavator,DDR4,2,2,3.0,3.4,35.0,0.4,1.0,6.8
a35f20cb-82a9-49e3-b4a1-00ae22467f64,Intel Core i5 4590,Intel,LGA1150,Haswell Refresh,DDR3,4,4,3.3,3.7,84.0,0.4,1.0,14.8
a3f20a4b-2357-4700-afad-9f284e8240d7,Intel Core i9-9900KF,Intel,LGA1151,Coffee Lake Refresh,DDR4,8,16,3.6,5.0,95.0,1.4,2.0,40.0
a44808fb-30a8-420c-8ddc-c8cb2645d89e,Intel Core i9-9900K,Intel,LGA1151,Coffee Lake Refresh,DDR4,8,16,3.6,5.0,95.0,1.4,2.0,40.0
a48616b6-d2db-4efe-bfd6-1d82e093d64a,Intel Core i7 5960X OEM/Tray,Intel,LGA2011,Haswell E,DDR4,8,16,3.0,3.5,140.0,0.5,2.0,28.0
a50400bf-d4b1-4f5d-a4e6-1dda7d69e352,AMD Athlon 240GE,AMD,AM4,Zen,DDR4,2,4,3.5,,35.0,-3.5,2.0,
a514d358-1a2c-42fa-a594-14fceee9643e,Intel Xeon E 2274G 4 GHz 4-Core LGA1151,Intel,LGA1151,Coffee Lake Refresh,,4,8,4.0,4.9,83.0,0.9,2.0,19.6
a52d0c10-ee31-46cc-a2d7-1c27e66ce467,Intel Xeon E3-1245 v6,Intel,LGA1151,Kaby Lake,DDR4,4,8,3.7,4.1,73.0,0.4,2.0,16.4
a54959e6-8f3f-4658-a71a-96e323d3de21,Intel Xeon E3-1240 v3,Intel,LGA1150,Haswell,DDR3,4,8,3.4,3.8,80.0,0.4,2.0,15.2
a58188f8-e9da-4ead-8d52-74117306545c,Intel Core i5 13600KF,Intel,LGA1700,Raptor Lake,DDR5,14,20,3.5,5.1,125.0,1.6,1.43,71.4
a5cbfd80-bea2-4dd1-ac95-3f2735e29165,AMD Athlon X4 870K,AMD,FM2+,Steamroller,DDR3,4,4,3.9,4.1,95.0,0.2,1.0,16.4
a64b6cda-9cd9-44c3-bd43-380990a95e94,Intel Xeon E5 2650 V3 2.3 GHz 10-Core LGA2011-3 OEM/Tray,Intel,LGA2011,Haswell,,10,20,2.3,3.0,105.0,0.7,2.0,30.0
a6fe3c8d-4bf6-49ef-887b-9d53b8c635e8,Intel Core i9 12900,Intel,LGA1700,Alder Lake,DDR5,16,24,2.4,5.1,65.0,2.7,1.5,81.6
a7181913-9094-4594-a2bf-dba15ff73710,Intel Core i5 11600K,Intel,LGA1200,Rocket Lake,DDR4,6,12,3.9,4.9,125.0,1.0,2.0,29.4
a7bb0908-5696-4d44-8a95-16a2575ec4c9,Intel Core i5 6400T OEM/Tray,Intel,LGA1151,Skylake,DDR4,4,4,2.2,2.8,35.0,0.6,1.0,11.2
a7dbea73-5f60-47a4-abc7-1195c54d62a5,Intel Core i9-7960X X,Intel,LGA2066,Skylake,DDR4,16,32,2.8,4.2,165.0,1.4,2.0,67.2
a8cd0239-10f5-4e57-be79-c3540e17cafc,AMD Ryzen 5 5600X3D,AMD,AM4,Zen 3,DDR4,6,12,3.3,4.4,105.0,1.1,2.0,26.4
a9090593-4871-4fc2-ba94-33ede34e8d85,Intel Core i9 9960X,Intel,LGA2066,Skylake,DDR4,16,32,3.1,4.4,165.0,1.3,2.0,70.4
a98f71a3-5470-4333-b8f9-8bbfe03536b7,Intel Core i3-8350K,Intel,LGA1151,Coffee Lake,DDR4,4,4,4.0,,91.0,-4.0,1.0,
a9fc2c82-bbfc-4267-bcd6-2bcefbd5a033,AMD Ryzen 5 1500X,AMD,AM4,Zen,DDR4,4,8,3.5,3.7,65.0,0.2,2.0,14.8
aa55c16e-e71e-45f9-a1ba-b11d9056b691,Intel Core i7 4790K,Intel,LGA1150,Haswell,DDR3,4,8,4.0,4.4,88.0,0.4,2.0,17.6
aacfe6be-24a9-453c-b20e-983cee9d748c,Intel Xeon E3-1225 v6 OEM/Tray,Intel,LGA1151,Kaby Lake,DDR4,4,4,3.3,3.7,73.0,0.4,1.0,14.8
aad5b799-7f73-4eee-aad0-8de1cd9d111e,AMD A10-7800,AMD,FM2+,Steamroller,DDR3,4,4,3.5,3.9,65.0,0.4,1.0,15.6
aae12377-27f2-4a1d-89fc-c86e3556e79e,Intel Core i5 7500,Intel,LGA1151,Kaby Lake,DDR4,4,4,3.4,3.8,65.0,0.4,1.0,15.2
ab2ec942-57d3-436a-b041-30103c882842,AMD Ryzen 7 7700,AMD,AM5,Zen 4,DDR5,8,16,3.8,5.3,65.0,1.5,2.0,42.4
ab4fadad-e3a1-41ff-82fd-e16e5af8a324,AMD Ryzen 7 7700,AMD,AM5,Zen 4,DDR5,8,16,3.8,5.3,65.0,1.5,2.0,42.4
ab615c47-1702-4853-8ebb-f4879f693a9a,Intel Xeon E3-1270 v3 OEM/Tray,Intel,LGA1150,Haswell,DDR3,4,8,3.5,3.9,80.0,0.4,2.0,15.6
ab6f4801-06f7-4d96-a9f4-0a84de527f54,AMD Ryzen 7 3800XT,AMD,AM4,Zen 2,DDR4,8,16,3.9,4.7,105.0,0.8,2.0,37.6
ab9e5786-c671-4a4f-a240-e911e0bfbed6,AMD Ryzen 7 PRO 4750G,AMD,AM4,Zen 2,DDR4,8,16,3.6,4.4,65.0,0.8,2.0,35.2
abb105be-38f4-44d8-a670-c6e93935b938,Intel Core i7 6800K OEM/Tray,Intel,LGA2011,Broadwell E,DDR4,6,12,3.4,3.8,140.0,0.4,2.0,22.8
abbabb54-67d1-46f3-b43e-6ca80c844001,Intel Core i5 9400F OEM/Tray,Intel,LGA1151,Coffee Lake,DDR4,6,6,2.9,4.1,65.0,1.2,1.0,24.6
ac833b07-53eb-4d59-8be5-bcd20ad26e79,AMD Ryzen 5 8600G,AMD,AM5,Zen 4,DDR5,6,12,4.3,5.0,65.0,0.7,2.0,30.0
accc32b4-39ce-4bdb-9d71-680dfe3c14f8,AMD FX-9590,AMD,AM3+,Piledriver,DDR3,8,8,4.7,5.0,220.0,0.3,1.0,40.0
ace4672b-d3d9-4695-bac3-d76b4283cf3a,AMD Ryzen Threadripper 2990WX,AMD,TR4,Zen+,DDR4,32,64,3.0,4.2,250.0,1.2,2.0,134.4
acea06d7-82cb-496f-9ee6-172c9105d86a,Intel Core i5 8500 OEM/Tray,Intel,LGA1151,Coffee Lake,DDR4,6,6,3.0,4.1,65.0,1.1,1.0,24.6
ad06f564-5ce6-4b63-89bf-ea3d1bac569d,Intel Core i3 10305,Intel,LGA1200,Comet Lake,DDR4,4,8,3.8,4.5,65.0,0.7,2.0,18.0
ad2f57e1-6be7-4064-a331-412256955e97,AMD Ryzen Threadripper 1950X,AMD,TR4,Zen,DDR4,16,32,3.4,4.0,180.0,0.6,2.0,64.0
ad3ca29b-9c97-48fc-83fc-e24f00e2b6df,Intel Xeon E 2246G 3.6 GHz 6-Core LGA1151 OEM/Tray,Intel,LGA1151,Coffee Lake Refresh,,6,12,3.6,4.8,80.0,1.2,2.0,28.8
ad46c8d7-41a5-44a7-a89a-3bab491e25c3,Intel Core i7 9700F,Intel,LGA1151,Coffee Lake Refresh,DDR4,8,8,3.0,4.7,65.0,1.7,1.0,37.6
ad4d37df-831c-4272-a8f2-3a32615a1bf6,Intel Core i7 8700,Intel,LGA1151,Coffee Lake,DDR4,6,12,3.2,4.6,65.0,1.4,2.0,27.6
ad4d4d76-63fc-47a4-b88a-01280d59bb9d,AMD FX 8140 OEM/Tray,AMD,AM3+,Bulldozer,DDR3,8,8,3.2,4.1,95.0,0.9,1.0,32.8
ad7033fb-9b2b-4a2a-9668-8c892e141feb,Intel Xeon E 2136 OEM/Tray,Intel,LGA1151,Coffee Lake,DDR4,6,12,3.3,4.5,80.0,1.2,2.0,27.0
adc4a3fa-6770-4561-9432-f5c105eedb5e,Intel Pentium Gold G5600,Intel,LGA1151,Coffee Lake,DDR4,2,4,3.9,,54.0,-3.9,2.0,
adddbc6a-7456-41c0-b5fd-2aa326c284b6,Intel Xeon E5-4620,Intel,LGA2011,Sandy Bridge EP,DDR3,8,16,2.2,2.6,95.0,0.4,2.0,20.8
ae3450ca-6510-47c6-bb10-3d40dd861263,Intel Core i5 7400T,Intel,LGA1151,Kaby Lake,DDR4,4,4,2.4,3.0,35.0,0.6,1.0,12.0
ae53c927-1b48-4f59-86d7-47443af1fbc1,Intel Core i5-8600K OEM/Tray,Intel,LGA1151,Coffee Lake,DDR4,6,6,3.6,4.3,95.0,0.7,1.0,25.8
ae9507b0-cdbc-489b-b39a-46b12687d53d,Intel Core i5 6400,Intel,LGA1151,Skylake,DDR4,4,4,2.7,3.3,65.0,0.6,1.0,13.2
aeecd375-1ad6-4931-aaf1-f1073687a711,Intel Xeon E5-2630 v4,Intel,LGA2011,Broadwell,DDR4,10,20,2.2,3.1,85.0,0.9,2.0,31.0
af402682-92b0-4c17-9228-19b9b5c6dcdd,Intel Core i5 14400,Intel,LGA1700,Raptor Lake Refresh,DDR5,10,16,2.5,4.7,65.0,2.2,1.6,47.0
af8ed8d9-6678-4f1b-a6f1-1e0a75821f57,AMD Ryzen 7 5800XT,AMD,AM4,Zen 3,DDR4,8,16,3.8,4.8,105.0,1.0,2.0,38.4
b096b381-c81d-46bc-b2f7-ec0f8a600bf1,Intel Xeon E5 2637 V3 OEM/Tray 3.5 GHz 4-Core LGA2011-3,Intel,LGA2011,Haswell,,4,8,3.5,3.7,135.0,0.2,2.0,14.8
b0ff6516-30cb-42fa-a1df-cb23c9029448,Intel Core i7 4790S,Intel,LGA1150,Haswell,DDR3,4,8,3.2,4.0,65.0,0.8,2.0,16.0
b118e697-2205-4c0c-b124-5aa24e9adc33,Intel Core i5 7600 OEM/Tray,Intel,LGA1151,Kaby Lake,DDR4,4,4,3.5,4.1,65.0,0.6,1.0,16.4
b16f5647-6509-42e3-ac3f-3f86e8d21e05,Intel Core i5 6600,Intel,LGA1151,Skylake,DDR4,4,4,3.3,3.9,65.0,0.6,1.0,15.6
b1b42049-0a9c-431b-a545-9deefbbefc6f,Intel Core i3 10105F,Intel,LGA1200,Comet Lake,DDR4,4,8,3.7,4.4,65.0,0.7,2.0,17.6
b202d601-c009-46b0-9218-c6090c8403d0,Intel Core i7 4790,Intel,LGA1150,Haswell Refresh,DDR3,4,8,3.6,4.0,84.0,0.4,2.0,16.0
b20e3cca-2a76-407d-9a2b-a8d191215899,Intel Core i5 13400,Intel,LGA1700,Raptor Lake,DDR5,10,16,2.5,4.6,65.0,2.1,1.6,46.0
b37f76e3-9f60-4f99-a71e-468bcfe93058,Intel Xeon E5-2680 v2,Intel,LGA2011,Ivy Bridge EP,DDR3,10,20,2.8,3.6,115.0,0.8,2.0,36.0
b3b4fd2c-5a52-4eb6-9167-8b54e778934e,AMD Ryzen 3 3200G OEM/Tray,AMD,AM4,Zen+,DDR4,4,4,3.6,4.0,65.0,0.4,1.0,16.0
b3e699b9-ffb8-4244-9aa2-c5c1c10d5ec3,Intel Xeon E 2288G OEM/Tray,Intel,LGA1151,Coffee Lake,DDR4,8,16,3.7,5.0,95.0,1.3,2.0,40.0
b3e855a0-64fe-48fc-88fb-0898e4deb440,Intel Xeon E5-2697 v4,Intel,LGA2011,Broadwell,DDR4,18,36,2.3,3.6,145.0,1.3,2.0,64.8
b40dd0a7-820e-4e05-b51b-a149e5572ff9,AMD Ryzen Threadripper PRO 7955WX,AMD,STR5,Zen 4,DDR5,16,32,4.5,5.3,350.0,0.8,2.0,84.8
b41a8d44-f02d-41b5-aedb-f267b0450a23,Intel Core i9-9940X OEM/Tray,Intel,LGA2066,Skylake,DDR4,14,28,3.3,4.5,165.0,1.2,2.0,63.0
b45ae860-da73-4917-b3ab-82f3f5fb4088,AMD FX FX 8370E 3.3 GHz 8-Core AM3+ OEM/Tray,AMD,AM3+,Piledriver,,8,8,3.3,4.3,95.0,1.0,1.0,34.4
b47b7945-792d-4d3f-82c8-e4852a1738c3,AMD Ryzen Threadripper 2950X,AMD,TR4,Zen+,DDR4,16,32,3.5,4.4,180.0,0.9,2.0,70.4
b4ae2fc5-129a-4af3-82f3-77f01bfb9e29,Intel Xeon E-2174G,Intel,LGA1151,Coffee Lake,DDR4,4,8,3.8,4.7,71.0,0.9,2.0,18.8
b512a75c-37dc-4f6a-88b1-e6ab35f2256d,Intel Xeon E3-1220 v5,Intel,LGA1151,Skylake,DDR4,4,4,3.0,3.5,80.0,0.5,1.0,14.0
b5af1355-01e2-44a3-8708-5f488001b29e,AMD Ryzen 5 1400,AMD,AM4,Zen,DDR4,4,8,3.2,3.4,65.0,0.2,2.0,13.6
b5cbaa67-8991-4ab6-9a7c-8fbcb1609861,AMD Ryzen Threadripper PRO 9965WX,AMD,STR5,Zen 5,DDR5,24,48,4.2,5.4,350.0,1.2,2.0,129.6
b627dda3-f372-4f5d-9a39-e5127bcce49e,AMD A10-7850K,AMD,FM2+,Steamroller,DDR3,4,4,3.7,4.0,95.0,0.3,1.0,16.0
b64d77f2-654a-4d5a-872f-a85c232900a8,AMD FX 8320E,AMD,AM3+,Piledriver,DDR3,8,8,3.2,4.0,95.0,0.8,1.0,32.0
b6ccf9c4-58e4-4c14-8dbd-82454da31ce8,Intel Xeon E5-2687W v4,Intel,LGA2011,Broadwell,DDR4,12,24,3.0,3.5,160.0,0.5,2.0,42.0
b6daa5b6-8e64-438a-8893-274c85715758,Intel Core i5 13600,Intel,LGA1700,Raptor Lake,DDR5,14,20,2.7,5.0,65.0,2.3,1.43,70.0
b6f5b046-0856-4ef3-9689-5d75ddc92608,AMD Ryzen 9 9900X,AMD,AM5,Zen 5,DDR5,12,24,4.4,5.6,120.0,1.2,2.0,67.2
b713ae1d-0b74-49a5-866d-808a684ddb4b,AMD A 6 7470K 3.7 GHz 2-Core FM2+,AMD,FM2+,Steamroller,,2,2,3.7,4.0,65.0,0.3,1.0,8.0
b733dd80-4683-45fa-9047-844eebedd6c8,Intel Core i5 7400T,Intel,LGA1151,Kaby Lake,DDR4,4,4,2.4,3.0,35.0,0.6,1.0,12.0
b7d6999e-97a3-4ca1-b9d4-f266e4d60135,AMD Ryzen 5 8400F,AMD,AM5,Zen 4,DDR5,6,12,4.2,4.7,65.0,0.5,2.0,28.2
b7e510f1-0c89-4747-b8c1-459041432009,Intel Core i3 9100T OEM/Tray,Intel,LGA1151,Coffee Lake,DDR4,4,4,3.1,3.7,35.0,0.6,1.0,14.8
b8259316-63cb-41f2-8504-88cd43f69a8e,AMD Ryzen Threadripper PRO 7995WX,AMD,STR5,Zen 4,DDR5,96,192,2.5,5.1,350.0,2.6,2.0,489.6
b8349625-b815-468f-a4dc-32aba8a8f84d,Intel Core i3 10320,Intel,LGA1200,Comet Lake,DDR4,4,8,3.8,4.6,65.0,0.8,2.0,18.4
b85e7f24-b42a-49e4-8e50-db62ccaaaff1,Intel Xeon E5 2650L V2 OEM/Tray,Intel,LGA2011,Ivy Bridge,DDR3,10,20,1.7,2.1,70.0,0.4,2.0,21.0
b89d067d-d88e-4525-9460-6054d5033b4c,Intel Core i9 10850K OEM/Tray,Intel,LGA1200,Comet Lake,DDR4,10,20,3.6,5.2,125.0,1.6,2.0,52.0
b93f8e5b-7352-44bc-9a3c-966a3e7cc603,Intel Core i5 3340S,Intel,LGA1155,Ivy Bridge,DDR3,4,4,2.8,3.3,65.0,0.5,1.0,13.2
b9d94d66-3b82-42bc-ab7a-e2e14c2e94a7,AMD Ryzen 5 5600GT,AMD,AM4,Zen 3,DDR4,6,12,3.6,4.6,65.0,1.0,2.0,27.6
b9eb8074-bccb-4de8-b65f-8a1d7231d014,Intel Core i7 7740X OEM/Tray,Intel,LGA2066,Kaby Lake,DDR4,4,8,4.3,4.5,112.0,0.2,2.0,18.0
ba099e65-8148-4937-aa16-80927792778e,AMD Ryzen 5 7600X3D,AMD,AM5,Zen 4,DDR5,6,12,4.1,4.7,65.0,0.6,2.0,28.2
bb1d31e6-d4c2-4385-a58e-ac653ae9c319,Intel Xeon E5-2667 v3,Intel,LGA2011,Haswell,DDR4,8,16,3.2,3.6,135.0,0.4,2.0,28.8
bb27044e-0b30-4e45-b56e-27932e97cab9,Intel Core i5 7640X 4 GHz 4-Core LGA2066,Intel,LGA2066,Kaby Lake,,4,4,4.0,4.2,112.0,0.2,1.0,16.8
bba255ea-d82d-4cfd-a74b-fbce700520ba,Intel Core i5 7600,Intel,LGA1151,Kaby Lake,DDR4,4,4,3.5,4.1,65.0,0.6,1.0,16.4
bbd9ce5b-e78d-45ab-90ec-e993c71832dc,Intel Xeon E5 2685 V3 2.6 GHz 12-Core LGA2011-3 OEM/Tray,Intel,LGA2011,Haswell,,12,24,2.6,3.3,120.0,0.7,2.0,39.6
bc402f45-f3cd-43cc-b3e4-e184effd929d,Intel Xeon E 2176G OEM/Tray,Intel,LGA1151,Coffee Lake,DDR4,6,12,3.7,4.7,80.0,1.0,2.0,28.2
bc44a11f-518d-412f-9221-ff43d804dd39,Intel Core i5 7500T,Intel,LGA1151,Kaby Lake,DDR4,4,4,2.7,3.3,35.0,0.6,1.0,13.2
bc962501-eb68-418a-bd69-d51512b1e3ca,Intel Core i7 10700K,Intel,LGA1200,Comet Lake,DDR4,8,16,3.8,5.1,125.0,1.3,2.0,40.8
bd1d91f7-22df-4ecf-9460-6330256a1ca2,Intel Xeon E5-2630L v3 OEM/Tray,Intel,LGA2011,Haswell,DDR4,8,16,1.8,2.9,55.0,1.1,2.0,23.2
bd3ccb89-8d76-4e73-98d9-44e8582d077a,AMD Athlon 3000G,AMD,AM4,Zen,DDR4,2,4,3.5,,35.0,-3.5,2.0,
bd9997e8-9d7e-4fe7-92c9-59e47addba4a,AMD FX-9370 OEM/Tray,AMD,AM3+,Piledriver,DDR3,8,8,4.4,4.7,220.0,0.3,1.0,37.6
bdacccac-3d03-4436-8ebe-3de176024c18,AMD Ryzen 7 1800X,AMD,AM4,Zen,DDR4,8,16,3.6,4.0,95.0,0.4,2.0,32.0
be5042d0-19ca-483b-8502-7d1dfb2d549e,Intel Core i7 5930K,Intel,LGA2011,Haswell E,DDR4,6,12,3.5,3.7,140.0,0.2,2.0,22.2
bf21533b-baba-409f-aa43-c5f3eab64c5f,AMD Ryzen 7 3800XT,AMD,AM4,Zen 2,DDR4,8,16,3.9,4.7,105.0,0.8,2.0,37.6
bf36a706-491a-45e8-ba4a-8529d3ef91e9,AMD Ryzen 5 5500,AMD,AM4,Zen 3,DDR4,6,12,3.6,4.2,65.0,0.6,2.0,25.2
bf3ebca8-dd6a-470b-b47b-cea77447bc68,Intel Core i5 9400 OEM/Tray,Intel,LGA1151,Coffee Lake,DDR4,6,6,2.9,4.1,65.0,1.2,1.0,24.6
bf57d7f5-cb98-4b27-8299-941a55164857,Intel Core i9 9900,Intel,LGA1151,Coffee Lake,DDR4,8,16,3.1,5.0,65.0,1.9,2.0,40.0
bf7825af-47b2-42ad-bba9-25ef34da4988,AMD A-Series A4 6300,AMD,FM2,Piledriver,DDR3,2,2,3.7,3.9,65.0,0.2,1.0,7.8
bf7fc4c0-d83f-490d-b833-b0cba84785f6,Intel Xeon E3-1245 v5,Intel,LGA1151,Skylake,DDR4,4,8,3.5,3.9,80.0,0.4,2.0,15.6
bfd0c295-9f75-4edd-9381-90f88dceb2f7,Intel Core i5 3340,Intel,LGA1155,Ivy Bridge,DDR3,4,4,3.1,3.3,77.0,0.2,1.0,13.2
c009a13a-76ea-47e3-b908-89c690705b20,AMD Ryzen 3 2200G,AMD,AM4,Zen,DDR4,4,4,3.5,3.7,65.0,0.2,1.0,14.8
c0406a8f-3026-4468-a2d9-322c8206ed69,Intel Core i9 13900F,Intel,LGA1700,Raptor Lake,DDR5,24,32,2.0,5.6,65.0,3.6,1.33,134.4
c0c9ae6f-6eac-4740-8b6c-06db912c1ff8,AMD EPYC 4484PX OEM/Tray,AMD,AM5,Zen 4,DDR5,12,24,4.4,5.6,120.0,1.2,2.0,67.2
c10315ba-abf2-4d45-98b7-43b321f9861c,Intel Core i5 4690,Intel,LGA1150,Haswell Refresh,DDR3,4,4,3.5,3.9,84.0,0.4,1.0,15.6
c14d84a3-7c13-4611-a367-7e034693266f,Intel Core i5 12600K,Intel,LGA1700,Alder Lake,DDR5,10,16,3.7,4.9,125.0,1.2,1.6,49.0
c1adfe4a-66ad-45f3-a9e7-d750390d34e7,Intel Xeon E3 1225 V5 3.3 GHz 4-Core LGA1151,Intel,LGA1151,Skylake,,4,4,3.3,3.7,80.0,0.4,1.0,14.8
c1f517e7-9b47-409c-9f03-dc80a329275f,AMD A6-7480,AMD,FM2+,Excavator,DDR3,2,2,3.5,3.8,45.0,0.3,1.0,7.6
c2900762-11b6-49bc-a728-566b56db3638,Intel Core i7 14700F,Intel,LGA1700,Raptor Lake Refresh,DDR5,20,28,2.1,5.4,65.0,3.3,1.4,108.0
c2933afd-f5c7-4c46-aab4-37da272972e0,Intel Core i7 6700,Intel,LGA1151,Skylake,DDR4,4,8,3.4,4.0,65.0,0.6,2.0,16.0
c29c9a98-338e-48dc-9160-da4c0cabab8e,Intel Core i5 4440S,Intel,LGA1150,Haswell,DDR3,4,4,2.8,3.3,65.0,0.5,1.0,13.2
c2d5377e-bf6e-42e7-a19e-87a8df32dac5,AMD EPYC 4244P,AMD,AM5,Zen 4,DDR5,6,12,3.8,5.1,65.0,1.3,2.0,30.6
c315b361-a062-410e-9108-de12a2e800d0,AMD EPYC 4364P,AMD,AM5,Zen 4,DDR5,8,16,4.5,5.4,105.0,0.9,2.0,43.2
c33e2129-22d5-4028-96b1-cecd899555d7,Intel Core i9 7940X 3.1 GHz 14-Core LGA2066 OEM/Tray,Intel,LGA2066,Skylake,,14,28,3.1,4.4,165.0,1.3,2.0,61.6
c3695c8d-2775-4eed-91b1-fdfd90e5ff7e,AMD A8-7600 OEM/Tray,AMD,FM2+,Steamroller,DDR3,4,4,3.1,3.8,65.0,0.7,1.0,15.2
c3be1736-fa24-4af3-9c56-3c6fb9761fef,Intel Core i5-8400T OEM/Tray,Intel,LGA1151,Coffee Lake,DDR4,6,6,1.7,3.3,35.0,1.6,1.0,19.8
c50a5824-b6d0-400b-9de8-d4b1128a0c0d,Intel Xeon E3 1230 V5 3.4 GHz 4-Core LGA1151 OEM/Tray,Intel,LGA1151,Skylake,,4,8,3.4,3.8,80.0,0.4,2.0,15.2
c570f209-ac54-4bd8-b603-c8f49812279c,Intel Xeon E3 1275 V5 3.6 GHz 4-Core LGA1151 OEM/Tray,Intel,LGA1151,Skylake,,4,8,3.6,4.0,80.0,0.4,2.0,16.0
c626e388-0f46-47d3-a5b2-a219c80c6f5d,Intel Xeon E5 2670,Intel,LGA2011,Sandy Bridge EP,DDR3,8,16,2.6,3.3,115.0,0.7,2.0,26.4
c77c8f8d-5e71-4b20-a8a4-3226f294a4e7,Intel Core i5 7600K,Intel,LGA1151,Kaby Lake,DDR4,4,4,3.8,4.2,91.0,0.4,1.0,16.8
c7a71298-3005-4abb-a7dc-ec038dc16a43,Intel Xeon E5-2670 v3,Intel,LGA2011,Haswell,DDR4,12,24,2.3,3.1,120.0,0.8,2.0,37.2
c7d21bb9-7688-49bd-ac6c-f5730c2a5b7f,Intel Core i7 9700,Intel,LGA1151,Coffee Lake Refresh,DDR4,8,8,3.0,4.7,65.0,1.7,1.0,37.6
c7dddf76-bd30-401f-881d-4d83a7446ccd,Intel Xeon E5 2660 2.2 GHz 8-Core LGA2011 OEM/Tray,Intel,LGA2011,Sandy Bridge,,8,16,2.2,3.0,95.0,0.8,2.0,24.0
c8516eef-ba79-437e-a169-bdb0610a1875,AMD Ryzen Threadripper 2970WX,AMD,TR4,Zen+,DDR4,24,48,3.0,4.2,250.0,1.2,2.0,100.8
c8610822-8988-491e-9ecc-28aeb55987f1,AMD Ryzen Threadripper 2950X,AMD,TR4,Zen+,DDR4,16,32,3.5,4.4,180.0,0.9,2.0,70.4
c8c88c3f-1f07-486c-9713-d621eec3c032,Intel Xeon E5 1660 V2 OEM/Tray,Intel,LGA2011,Ivy Bridge EP,DDR3,6,12,3.7,4.0,130.0,0.3,2.0,24.0
c94676f9-71ba-4fde-aab0-e6227ae80965,Intel Core i5 8400,Intel,LGA1151,Coffee Lake,DDR4,6,6,2.8,4.0,65.0,1.2,1.0,24.0
cbbbe76c-fdcf-49bf-8aa9-f04962e659f3,Intel Core Ultra 5 225,Intel,LGA1851,Arrow Lake,DDR5,10,10,3.3,4.9,65.0,1.6,1.0,49.0
cc0a0e08-bc25-4539-af92-952cced58623,AMD Ryzen 5 9600X,AMD,AM5,Zen 5,DDR5,6,12,3.9,5.4,65.0,1.5,2.0,32.4
cc329b1a-917a-4b50-b652-36eb4a6b5789,Intel Xeon E3-1275 v6 OEM/Tray,Intel,LGA1151,Kaby Lake,DDR4,4,8,3.8,4.2,73.0,0.4,2.0,16.8
cc3a29bc-0e7a-4351-9a87-f56eba3a0d75,AMD Ryzen 7 1700,AMD,AM4,Zen,DDR4,8,16,3.0,3.7,65.0,0.7,2.0,29.6
ccc69dff-328d-4467-8ba5-5364ca8c4a32,AMD FX FX-4150 OEM/Tray,AMD,AM3+,Bulldozer,DDR3,4,4,3.8,4.0,95.0,0.2,1.0,16.0
cd030ee7-8539-4b8a-8fa8-1738ad51e50b,AMD Ryzen Threadripper 7970X,,STR5,Zen 4,DDR5,32,64,4.0,5.3,350.0,1.3,2.0,169.6
cd3ac87c-a75d-48dc-a278-802ab659d14b,Intel Core i3 10325,Intel,LGA1200,Comet Lake,DDR4,4,8,3.9,4.7,65.0,0.8,2.0,18.8
cd3ba45d-4a3b-4df5-bf0f-f70e28209bc1,Intel Core i5 11500,Intel,LGA1200,Rocket Lake,DDR4,6,12,2.7,4.6,65.0,1.9,2.0,27.6
cef1cc38-a03c-4e5c-8222-6d103934e291,Intel Core i5 9600K OEM/Tray,Intel,LGA1151,Coffee Lake,DDR4,6,6,3.7,4.6,95.0,0.9,1.0,27.6
cf33502b-5930-4faa-b387-835d0c65efc1,AMD Ryzen 9 9950X3D,AMD,AM5,Zen 5,DDR5,16,32,4.3,5.7,170.0,1.4,2.0,91.2
cf60f167-fee9-48fc-a3c3-91a1c3af275e,AMD Ryzen Threadripper 3990X,AMD,TRX4,Zen 2,DDR4,64,128,2.9,4.3,280.0,1.4,2.0,275.2
cfb0a043-2448-43d1-9cad-2497eae78d11,Intel Core i5 9600,Intel,LGA1151,Coffee Lake Refresh,DDR4,6,6,3.1,4.6,65.0,1.5,1.0,27.6
d0417de1-fcf0-4a60-b8e6-a4406159e80a,AMD Ryzen 3 1200,AMD,AM4,Zen,DDR4,4,4,3.1,3.4,65.0,0.3,1.0,13.6
d0a9a88a-e191-44de-8678-ad32c2d2e4bb,AMD Ryzen 5 5500GT,AMD,AM4,Zen 3,DDR4,6,12,3.6,4.4,65.0,0.8,2.0,26.4
d0aae8f6-4eb6-4d6e-8363-92ae20078686,Intel Xeon E5-2640 v2 OEM/Tray,Intel,LGA2011,Ivy Bridge EP,DDR3,8,16,2.0,2.5,95.0,0.5,2.0,20.0
d1484f85-583b-4f02-91ed-01076806c268,Intel Xeon E5 1630 V3 3.7 GHz 4-Core LGA2011-3 OEM/Tray,Intel,LGA2011,Haswell,,4,8,3.7,3.8,140.0,0.1,2.0,15.2
d1637479-7ebd-497c-b976-37b6af116db9,AMD Opteron 6328 3.2 GHz 8-Core G34,AMD,G34,Piledriver,,8,8,3.2,3.8,115.0,0.6,1.0,30.4
d16d9c6a-2f9d-4310-a243-b3852976fc11,Intel Core i3 10100F,Intel,LGA1200,Comet Lake,DDR4,4,8,3.6,4.3,65.0,0.7,2.0,17.2
d17da031-a70f-4dce-91bf-1b29d8aca3a8,AMD Ryzen 7 7800X3D OEM/Tray,AMD,AM5,Zen 4,DDR5,8,16,4.2,5.0,120.0,0.8,2.0,40.0
d19e2b2c-c5ec-4329-8c7d-b695a93ee164,Intel Core i7-7820X,Intel,LGA2066,Skylake,DDR4,8,16,3.6,4.5,140.0,0.9,2.0,36.0
d282c5c7-eeb1-4082-aa63-b582afc15062,Intel Core i9-10850K,Intel,LGA1200,Comet Lake,DDR4,10,20,3.6,5.2,125.0,1.6,2.0,52.0
d2b28545-9993-4854-beee-5270d907d800,Intel Core i5 9600 OEM/Tray,Intel,LGA1151,Coffee Lake,DDR4,6,6,3.1,4.6,65.0,1.5,1.0,27.6
d2e54c6a-4407-48cd-8266-761219fc89c3,Intel Core i9-10920X,Intel,LGA2066,Cascade Lake,DDR4,12,24,3.5,4.8,165.0,1.3,2.0,57.6
d31f3d8e-564d-47b9-8e72-4fa231e7c696,AMD Opteron 6378 2.4 GHz 16-Core G34 OEM/Tray,AMD,G34,Piledriver,,16,16,2.4,3.3,115.0,0.9,1.0,52.8
d3c01e6a-3c9b-4660-af6f-824423153dc9,AMD A10-7800 OEM/Tray,AMD,FM2+,Steamroller,DDR3,4,4,3.5,3.9,65.0,0.4,1.0,15.6
d3e5a050-6322-4d23-ab24-4d429dae60a0,AMD Ryzen 3 1300X,AMD,AM4,Zen,DDR4,4,4,3.5,3.7,65.0,0.2,1.0,14.8
d47b30db-de48-4806-95bb-f3ee27d254bf,AMD Ryzen 9 5950X,AMD,AM4,Zen 3,DDR4,16,32,3.4,4.9,105.0,1.5,2.0,78.4
d4f192f2-115a-4821-9510-369615c4b0a4,AMD Ryzen 5 2600,AMD,AM4,Zen+,DDR4,6,12,3.4,3.9,65.0,0.5,2.0,23.4
d57ff10c-517c-4e94-acba-36b52dae0898,Intel Xeon E3 1230 V3 OEM/Tray,Intel,LGA1150,Haswell,DDR3,4,8,3.3,3.7,80.0,0.4,2.0,14.8
d59fa7b6-066f-42cb-b1dd-d7a6b8b758fc,Intel Core i9 9940X,Intel,LGA2066,Skylake,DDR4,14,28,3.3,4.5,165.0,1.2,2.0,63.0
d5cfa1f8-e34f-4ebf-ae22-ee0f5d169183,AMD A6-9500,AMD,AM4,Excavator,DDR4,2,2,3.5,3.8,65.0,0.3,1.0,7.6
d5e71ac9-fc29-414f-a17a-8be4823aeb7a,AMD Ryzen Threadripper 2970WX,AMD,TR4,Zen+,DDR4,24,48,3.0,4.2,250.0,1.2,2.0,100.8
d5ff7ec3-4b2e-42a5-a0b2-155034f8b3c3,AMD Ryzen Threadripper 7970X,AMD,STR5,Zen 4,DDR5,32,64,4.0,5.3,350.0,1.3,2.0,169.6
d6381db4-468a-419a-acfc-0fbc5e60a956,Intel Core i7 9700T OEM/Tray,Intel,LGA1151,Coffee Lake,DDR4,8,8,2.0,4.3,35.0,2.3,1.0,34.4
d63c7fcb-36f6-422e-b796-e938b3096d55,Intel Xeon E5-2698 v3,Intel,LGA2011,Haswell,DDR4,16,32,2.3,3.6,135.0,1.3,2.0,57.6
d6b635ef-b9db-43df-a5a0-339a87215449,AMD A10-7890K OEM/Tray,AMD,FM2+,Steamroller,DDR3,4,4,4.1,4.3,95.0,0.2,1.0,17.2
d71a770f-6ff6-4174-97c8-d7995a70e339,Intel Core Ultra 9 285,Intel,LGA1851,Arrow Lake,DDR5,24,24,2.5,5.6,65.0,3.1,1.0,134.4
d71d4d9b-6a93-4315-b7ec-bad412fdbf57,AMD Ryzen 9 3950X OEM/Tray,AMD,AM4,Zen 2,DDR4,16,32,3.5,4.7,105.0,1.2,2.0,75.2
d75e09af-2936-4948-a778-afce5f7eb432,AMD Opteron 6378,AMD,G34,Piledriver,DDR3,16,16,2.4,3.3,115.0,0.9,1.0,52.8
d795c07c-c7fe-487f-ac3f-e57ff35d572d,AMD Ryzen 7 1700 OEM/Tray,AMD,AM4,Zen,DDR4,8,16,3.0,3.7,65.0,0.7,2.0,29.6
d7975cc5-5f56-4edc-8781-72cd1ed3ec04,AMD FX-8370E,AMD,AM3+,Piledriver,DDR3,8,8,3.3,4.3,95.0,1.0,1.0,34.4
d7c087f6-665f-4158-82fe-2521e0616c46,AMD Ryzen 7 2700,AMD,AM4,Zen+,DDR4,8,16,3.2,4.1,65.0,0.9,2.0,32.8
d8408406-f4b2-4f18-9dd2-c75b71dceea3,Intel Core i9 9900X,Intel,LGA2066,Skylake,DDR4,10,20,3.5,4.5,165.0,1.0,2.0,45.0
d86a9762-f320-42c7-bfa0-dd92f41d286c,AMD Ryzen 3 1200 OEM/Tray,AMD,AM4,Zen,DDR4,4,4,3.1,3.4,65.0,0.3,1.0,13.6
d879b11a-cc6c-488e-bfa8-9bab0eb1959d,Intel Core i7 6700K OEM/Tray,Intel,LGA1151,Skylake,DDR4,4,8,4.0,4.2,91.0,0.2,2.0,16.8
d879b83e-b826-46ad-b008-a51b9674da07,Intel Core i7 3770T OEM/Tray,Intel,LGA1155,Ivy Bridge,DDR3,4,8,2.5,3.7,45.0,1.2,2.0,14.8
d95fc453-27c6-4e83-80d6-4a4e40ca46ed,AMD Ryzen 7 1800X,AMD,AM4,Zen,DDR4,8,16,3.6,4.0,95.0,0.4,2.0,32.0
d991d8bb-9681-4308-8c42-efdc003a84cd,Intel Core i7 9700K,Intel,LGA1151,Coffee Lake,DDR4,8,8,3.6,4.9,95.0,1.3,1.0,39.2
d9ec7e79-51e4-4763-8f51-d72ecd8feba0,AMD Ryzen 5 1600,AMD,AM4,Zen+,DDR4,6,12,3.2,3.6,65.0,0.4,2.0,21.6
daa867ce-12d7-4220-94d7-1e5a9d8fdcc9,Intel Xeon E 2134 3.5 GHz 4-Core LGA1151 OEM/Tray,Intel,LGA1151,Coffee Lake,,4,8,3.5,4.5,71.0,1.0,2.0,18.0
dafb6535-1bc8-445d-9d65-69b71f1b56f6,Intel Xeon E5-2420 v2,Intel,LGA1356,Ivy Bridge EN,DDR3,6,12,2.2,2.7,80.0,0.5,2.0,16.2
db4323ce-e076-423a-8065-e19cb05254fe,AMD A10-7890K OEM/Tray,AMD,FM2+,Steamroller,DDR3,4,4,4.1,4.3,95.0,0.2,1.0,17.2
db5bc5ba-9324-44d3-941d-4b16ee067fed,Intel Core i7 4770K,Intel,LGA1150,Haswell,DDR3,4,8,3.5,3.9,84.0,0.4,2.0,15.6
db77fdca-69c7-43b0-85a9-b8289663ea80,Intel Xeon E5-2697 v3 OEM/Tray,Intel,LGA2011,Haswell,DDR4,14,28,2.6,3.6,145.0,1.0,2.0,50.4
db93651a-7128-433b-8ba0-7a127134fe64,AMD Ryzen 7 3700X,AMD,AM4,Zen 2,DDR4,8,16,3.6,4.4,65.0,0.8,2.0,35.2
dba60dc9-b1bb-4d29-83fd-66cfea3249f5,Intel Xeon E5 2687W v2,Intel,LGA2011,Ivy Bridge EP,DDR3,8,16,3.4,4.0,150.0,0.6,2.0,32.0
dc20cdd2-9335-4ca2-ad53-0a03d3faff01,Intel Xeon E3-1245 v3,Intel,LGA1150,Haswell,DDR3,4,8,3.4,3.8,84.0,0.4,2.0,15.2
dc4bbdf2-b48b-4cff-956f-f54e90623ddb,AMD Ryzen Threadripper 2950X OEM/Tray,AMD,TR4,Zen+,DDR4,16,32,3.5,4.4,180.0,0.9,2.0,70.4
dcd1ccf1-319a-4d55-8b6a-d88840b5d83c,Intel Xeon E5-2650 v2,Intel,LGA2011,Ivy Bridge EP,DDR3,8,16,2.6,3.4,95.0,0.8,2.0,27.2
dd073712-0a1f-4e7f-a7e0-40f40aea600c,AMD Ryzen 3 3300X,AMD,AM4,Zen 2,DDR4,4,8,3.8,4.3,65.0,0.5,2.0,17.2
dd189a32-3a7b-4c4f-b1e5-2790593ce27f,Intel Core i5 8500T,Intel,LGA1151,Coffee Lake,DDR4,6,6,2.1,3.5,35.0,1.4,1.0,21.0
dd9aee45-754e-484a-873d-8158babd1216,Intel Xeon E5-1650 v4,Intel,LGA2011,Broadwell,DDR4,6,12,3.6,4.0,140.0,0.4,2.0,24.0
de6cb598-bcbb-42cc-9a25-546bcf8dc2d4,Intel Core i7 5775C OEM/Tray,Intel,LGA1150,Broadwell,DDR3,4,8,3.3,3.7,65.0,0.4,2.0,14.8
ded20bd3-aaf0-42d7-83ce-501679fb8363,Intel Core i3 13100,Intel,LGA1700,Raptor Lake,DDR5,4,8,3.4,4.5,60.0,1.1,2.0,18.0
e050c200-1450-48e6-9f04-a4c50fe52621,Intel Core i7-5775C,Intel,LGA1150,Broadwell,DDR3,4,8,3.3,3.7,65.0,0.4,2.0,14.8
e084ff48-c984-4c49-b788-4efa7eb7e6fb,Intel Xeon E3 1240 V5,Intel,LGA1151,Skylake,DDR4,4,8,3.5,3.9,80.0,0.4,2.0,15.6
e11970e8-4f2c-426d-872c-92c0f4160ec4,AMD Ryzen 7 5700X3D,AMD,AM4,Zen 3,DDR4,8,16,3.0,4.1,105.0,1.1,2.0,32.8
e1349e21-4451-45b8-ac9b-f1b44457fb97,Intel Core i5 4460,Intel,LGA1150,Haswell,DDR3,4,4,3.2,3.4,84.0,0.2,1.0,13.6
e155f7cf-5720-4f15-bf3c-96a1dfca8ac0,AMD Ryzen Threadripper 3970X,AMD,TRX4,Zen 2,DDR4,32,64,3.7,4.5,280.0,0.8,2.0,144.0
e16a10af-3e6e-4d60-8f7b-96f054281fa6,Intel Core i3 13100F,Intel,LGA1700,Raptor Lake,DDR5,4,8,3.4,4.5,58.0,1.1,2.0,18.0
e1be4a9d-de07-4275-9237-44972f76de7b,AMD Ryzen Threadripper 7980X,AMD,STR5,Zen 4,DDR5,64,128,3.2,5.1,350.0,1.9,2.0,326.4
e1e6d389-471c-4bdb-844d-be5582c6e337,AMD Opteron Opteron 6328 3.2 GHz 8-Core G34 OEM/Tray,AMD,G34,Piledriver,,8,8,3.2,3.8,115.0,0.6,1.0,30.4
e1fa5b6c-184b-4350-8063-790f31e19789,Intel Core i5 7400T OEM/Tray,Intel,LGA1151,Kaby Lake,DDR4,4,4,2.4,3.0,35.0,0.6,1.0,12.0
e272b2ff-aed0-41ec-8094-08c21df362c0,AMD A10-6790K OEM/Tray,AMD,FM2,Piledriver,DDR3,4,4,4.0,4.3,100.0,0.3,1.0,17.2
e2b2709c-9788-4eb9-a25f-9092cb59f3d9,Intel Core i5 10500,Intel,LGA1200,Comet Lake,DDR4,6,12,3.1,4.5,65.0,1.4,2.0,27.0
e2bee5b7-77a4-40d8-8477-44d0cd0aceec,AMD Ryzen 5 2400G,AMD,AM4,Zen,DDR4,4,8,3.6,3.9,65.0,0.3,2.0,15.6
e2cf2532-8c57-4ec2-96fb-4aaa846c8ca6,Intel Core Ultra 9 285K,Intel,LGA1851,Arrow Lake,DDR5,24,24,3.7,5.5,125.0,1.8,1.0,132.0
e36d7473-1150-4097-a96b-3dfd5837ce75,AMD Ryzen Threadripper PRO 9975WX,AMD,STR5,Zen 5,DDR5,32,64,4.0,5.4,350.0,1.4,2.0,172.8
e3f597e3-0a3d-44dd-89ee-292ccb9767a4,Intel Xeon E5-2665,Intel,LGA2011,Sandy Bridge EP,DDR3,8,16,2.4,3.1,115.0,0.7,2.0,24.8
e417d251-50aa-4744-99d2-7075d2b60732,Intel Xeon E3-1226 v3,Intel,LGA1150,Haswell,DDR3,4,4,3.3,3.7,84.0,0.4,1.0,14.8
e4385f8f-8c55-4b4d-a10d-d457897d2062,Intel Core i7 8700K,Intel,LGA1151,Coffee Lake,DDR4,6,12,3.7,4.7,95.0,1.0,2.0,28.2
e44c434a-a394-4360-a930-b8eaf77ab427,Intel Core i5 7400,Intel,LGA1151,Kaby Lake,DDR4,4,4,3.0,3.5,65.0,0.5,1.0,14.0
e4765a2c-84c4-4e01-9b32-bae40a0b1ebe,Intel Xeon E3-1275 v3,Intel,LGA1150,Haswell,DDR3,4,8,3.5,3.9,84.0,0.4,2.0,15.6
e4a66aac-5c74-4833-958d-32719b9ad077,AMD Ryzen 7 9850X3D,AMD,AM5,Zen 5,DDR5,8,16,4.7,5.6,120.0,0.9,2.0,44.8
e4d7a46e-b403-43a3-96cd-ed0b963077a3,Intel Xeon E 2124 3.3 GHz 4-Core LGA1151,Intel,LGA1151,Coffee Lake,,4,4,3.3,4.3,71.0,1.0,1.0,17.2
e53fd77d-8083-4243-8739-a8ec2311b25a,Intel Core i5 14500,Intel,LGA1700,Raptor Lake Refresh,DDR5,14,20,2.6,5.0,65.0,2.4,1.43,70.0
e55945ee-a67a-4207-846c-64a148641e2e,Intel Core i9 9820X 3.3 GHz 10-Core LGA2066,Intel,LGA2066,Skylake,,10,20,3.3,4.1,165.0,0.8,2.0,41.0
e5b3a5b6-4a78-4643-a729-01056c846f75,Intel Core i7 11700KF,Intel,LGA1200,Rocket Lake,DDR4,8,16,3.6,5.0,125.0,1.4,2.0,40.0
e5cfe8e9-61ec-49b0-9292-7a56aed758aa,Intel Core i5 10600K,Intel,LGA1200,Comet Lake,DDR4,6,12,4.1,4.8,125.0,0.7,2.0,28.8
e5fdda36-15df-414f-8c27-3e350a7da299,Intel Core i5 9600T OEM/Tray,Intel,LGA1151,Coffee Lake,DDR4,6,6,2.3,3.9,35.0,1.6,1.0,23.4
e60e50a8-3fa6-4816-aeb2-6943258f8c76,AMD Athlon X4 940,AMD,AM4,Excavator,DDR4,4,4,3.2,3.6,65.0,0.4,1.0,14.4
e66470af-b6ba-4900-99a9-bfc4e9906cec,Intel Xeon E5 1620 V4 3.5 GHz 4-Core LGA2011-3,Intel,LGA2011,Broadwell,,4,8,3.5,3.8,140.0,0.3,2.0,15.2
e67e945b-0f69-4567-ab8e-0e2a0ff97756,Intel Core i5 11600KF,Intel,LGA1200,Rocket Lake,DDR4,6,12,3.9,4.9,125.0,1.0,2.0,29.4
e729304a-edb5-4009-8c21-e348da959fda,Intel Core i5 3330S,Intel,LGA1155,Ivy Bridge,DDR3,4,4,2.7,3.2,65.0,0.5,1.0,12.8
e80823a0-6dd5-47d0-b69b-852e92acf964,Intel Core i9-14900K,Intel,LGA1700,Raptor Lake Refresh,DDR5,24,32,3.2,5.6,125.0,2.4,1.33,134.4
e8545714-9fb7-4869-bd97-93cfeff34a0b,Intel Core i7-11700,Intel,LGA1200,Rocket Lake,DDR4,8,16,2.5,4.9,65.0,2.4,2.0,39.2
e878479c-338f-470a-a79b-f15f86debcd9,Intel Xeon E3-1220 v6,Intel,LGA1151,Kaby Lake,DDR4,4,4,3.0,3.5,72.0,0.5,1.0,14.0
e87a8cc3-f2aa-4f44-8d56-0f8877023c95,AMD Opteron 6320 OEM/Tray,AMD,G34,Piledriver,DDR3,8,8,2.8,3.3,115.0,0.5,1.0,26.4
e88d12fe-6384-4d97-befc-3a0ec16a9e5b,AMD Ryzen 7 5700X,AMD,AM4,Zen 3,DDR4,8,16,3.4,4.6,65.0,1.2,2.0,36.8
e88eb56d-8a6b-44d4-87c4-7846f12dbe0b,AMD Ryzen 9 9950X3D2,AMD,AM5,Zen 5,DDR5,16,32,4.3,5.6,200.0,1.3,2.0,89.6
e94bcdb0-a842-447e-9c20-6d7db68e8e85,AMD Ryzen 7 PRO 7745 OEM/Tray,AMD,AM5,Zen 4,DDR5,8,16,3.8,5.3,65.0,1.5,2.0,42.4
e965f4ea-3d0e-4804-9364-309370fbb503,Intel Core i5 10600,Intel,LGA1200,Comet Lake,DDR4,6,12,3.3,4.8,65.0,1.5,2.0,28.8
e9838ef9-6acf-46da-bbb4-3c36bebfa002,Intel Core i9 9980XE,Intel,LGA2066,Skylake,DDR4,18,36,3.0,4.4,165.0,1.4,2.0,79.2
e983fd48-8cf2-464d-9848-7b2045214c23,Intel Xeon E3-1270 v6 OEM/Tray,Intel,LGA1151,Kaby Lake,DDR4,4,8,3.8,4.2,72.0,0.4,2.0,16.8
e9852639-3a1e-4d6b-af8e-f9f4ed6f7a09,Intel Core i5 7500T,Intel,LGA1151,Kaby Lake,DDR4,4,4,2.7,3.3,35.0,0.6,1.0,13.2
ea28e46f-dc70-4547-9701-eca335890462,AMD Ryzen 5 7500F,AMD,AM5,Zen 4,DDR5,6,12,3.7,5.0,65.0,1.3,2.0,30.0
ea572259-ac1a-4233-9294-5981726af669,Intel Xeon E-2236 OEM/Tray,Intel,LGA1151,Coffee Lake,DDR4,6,12,3.4,4.8,80.0,1.4,2.0,28.8
ea7fa8f8-bef5-4783-8b21-c7548bb46dd6,Intel Xeon E5-2690 v4,Intel,LGA2011,Broadwell,DDR4,14,28,2.6,3.5,135.0,0.9,2.0,49.0
ea92e2c9-afa9-4c7a-8f25-df4083b0680f,AMD Ryzen 5 1600,AMD,AM4,Zen,DDR4,6,12,3.2,3.6,65.0,0.4,2.0,21.6
eabc2ad4-eb1b-4f10-b613-a15219a79c80,Intel Xeon E 2276G 3.8 GHz 6-Core LGA1151 (OEM/Tray),Intel,LGA1151,Coffee Lake Refresh,,6,12,3.8,4.9,80.0,1.1,2.0,29.4
eae7a655-d281-44a8-8f12-3c6a577bf1c0,Intel Core i5 6402P,Intel,LGA1151,Skylake,DDR4,4,4,2.8,3.4,65.0,0.6,1.0,13.6
eb0118de-42da-4093-8249-2c8fc889ba85,Intel Core i7 5820K,Intel,LGA2011,Haswell-E,DDR4,6,12,3.3,3.6,140.0,0.3,2.0,21.6
ebb0e539-2265-4e3f-bb05-960429116b4b,Intel Core i7 13700F,Intel,LGA1700,Raptor Lake,DDR5,16,24,2.1,5.2,65.0,3.1,1.5,83.2
ebda4b33-5256-4f3a-9c7f-b2701c84da71,AMD Ryzen 5 3600X OEM/Tray,AMD,AM4,Zen 2,DDR4,6,12,3.8,4.4,95.0,0.6,2.0,26.4
ebff2be8-3870-47b5-ac0e-a09f3bece51a,Intel Core i7 7800X,Intel,LGA2066,Skylake,DDR4,6,12,3.5,4.0,140.0,0.5,2.0,24.0
ec460ae9-d125-4d92-ac76-87645aedf616,Intel Core i7 10700,Intel,LGA1200,Comet Lake,DDR4,8,16,2.9,4.8,65.0,1.9,2.0,38.4
ecae0aef-42a1-40e1-8740-e63f81d02042,Intel Core i5 8600,Intel,LGA1151,Coffee Lake,DDR4,6,6,3.1,4.3,65.0,1.2,1.0,25.8
ecebadb2-f535-4dbf-a847-9d92971e2b00,Intel Core i5-12600,Intel,LGA1700,Alder Lake,DDR5,6,12,3.3,4.8,65.0,1.5,2.0,28.8
ed3c1bda-9520-40b5-bb05-e7e44ae7bfc1,Intel Core i5 13600K,Intel,LGA1700,Raptor Lake Refresh,DDR5,14,20,3.5,5.1,125.0,1.6,1.43,71.4
eda463d1-d4b6-4f1a-96dd-0416efe84381,AMD Ryzen 9 7900X,AMD,AM5,Zen 4,DDR5,12,24,4.7,5.6,170.0,0.9,2.0,67.2
ee10268f-5b1a-4d1b-b4de-0ff59423fea9,Intel Core i9 7940X,Intel,LGA2066,Skylake,DDR4,14,28,3.1,4.4,165.0,1.3,2.0,61.6
ee2ac384-a2d9-4324-88af-d4765e604bcf,AMD Ryzen 9 9950X,AMD,AM5,Zen 5,DDR5,16,32,4.3,5.7,170.0,1.4,2.0,91.2
ee44b97d-f489-4f09-8d7b-2a3f8668a4c8,Intel Core i5 4440,Intel,LGA1150,Haswell,DDR3,4,4,3.1,3.3,84.0,0.2,1.0,13.2
ef051311-c91d-425d-a91c-585ea31b63fd,Intel Core i7 12700KF,Intel,LGA1700,Alder Lake,DDR5,12,20,3.6,5.0,125.0,1.4,1.67,60.0
ef55d969-f601-4c8c-8b9c-3ce22de029e0,AMD A10-7870K OEM/Tray,AMD,FM2+,Steamroller,DDR3,4,4,3.9,4.1,95.0,0.2,1.0,16.4
ef5ac632-1bbc-4b85-8291-ab61b16e0cae,AMD Ryzen 5 5600XT OEM/Tray,AMD,AM4,Zen 3,DDR4,6,12,3.7,4.7,65.0,1.0,2.0,28.2
ef919fd3-b02f-414b-987f-7fea17ff8d82,Intel Core i7 7740X,Intel,LGA2066,Kaby Lake,DDR4,4,8,4.3,4.5,112.0,0.2,2.0,18.0
efc2e6bd-7bde-483b-829f-ad07e632c5b9,Intel Xeon E5-2650 v3,Intel,LGA2011,Haswell,DDR4,10,20,2.3,3.0,105.0,0.7,2.0,30.0
efca94bc-ba7e-4149-a633-7d3f548f7ed8,Intel Core i5 11400F,Intel,LGA1200,Rocket Lake,DDR4,6,12,2.6,4.4,65.0,1.8,2.0,26.4
efff71a9-9435-46f2-9195-3f5a6e452494,Intel Xeon E3 1225 V3,Intel,LGA1150,Haswell,DDR3,4,4,3.2,3.6,84.0,0.4,1.0,14.4
f048e8d4-a34d-425e-b64b-1a5c848d3c12,Intel Xeon E3 1245 v3 OEM/Tray,Intel,LGA1150,Haswell,DDR3,4,8,3.4,3.8,84.0,0.4,2.0,15.2
f0a97d97-78c0-4794-8dba-7d5f5e8917d8,AMD A-Series A10 6800B,AMD,FM2,Piledriver,DDR3,4,4,4.1,4.4,45.0,0.3,1.0,17.6
f151e49a-c8ad-4f44-b2de-d44e3f37623a,AMD Athlon X4 845,AMD,FM2+,Excavator,DDR3,4,4,3.5,3.8,65.0,0.3,1.0,15.2
f165b2c9-fa32-4bfd-8ebe-2a0606dec25e,Intel Core i3 10100,Intel,LGA1200,Comet Lake,DDR4,4,8,3.6,4.3,65.0,0.7,2.0,17.2
f1c3343b-8ea7-4a0c-9166-eaee8fc8d313,Intel Core i5 6600,Intel,LGA1151,Skylake,DDR4,4,4,3.3,3.9,65.0,0.6,1.0,15.6
f2133cc2-e9de-4068-b71a-ce19410393af,Intel Core i5 9600KF,Intel,LGA1151,Coffee Lake Refresh,DDR4,6,6,3.7,4.6,95.0,0.9,1.0,27.6
f2f956e6-c0df-4c3e-b2ad-5c3c57e2e13b,AMD Ryzen 9 3900X OEM/Tray,AMD,AM4,Zen 2,DDR4,12,24,3.8,4.6,105.0,0.8,2.0,55.2
f3142c81-331a-4117-b394-6206e39d789e,Intel Core i5 6500,Intel,LGA1151,Skylake,DDR4,4,4,3.2,3.6,65.0,0.4,1.0,14.4
f34f9bc1-0136-43ee-bd78-a9efbd0e5f17,AMD Ryzen 5 3600,AMD,AM4,Zen 2,DDR4,6,12,3.6,4.2,65.0,0.6,2.0,25.2
f3afc880-6bcf-43d3-95f1-8a63c88e1121,AMD Sempron X2 250 OEM/Tray,AMD,FM2,Piledriver,DDR3,2,2,3.2,3.6,65.0,0.4,1.0,7.2
f3c2517b-1b7c-43e6-914a-ea55b0631cb4,AMD A10-6700T,AMD,FM2,Piledriver,DDR3,4,4,2.5,3.5,45.0,1.0,1.0,14.0
f49640cf-bfdf-43b7-924b-151451c38863,Intel Xeon E5-2667 v2 OEM/Tray,Intel,LGA2011,Ivy Bridge-EP,DDR3,8,16,3.3,4.0,130.0,0.7,2.0,32.0
f4fb1df0-143e-4951-90f9-25b8660b97f9,Intel Xeon E5 2650L V4 1.7 GHz 14-Core LGA2011-3,Intel,LGA2011,Broadwell,,14,28,1.7,2.5,65.0,0.8,2.0,35.0
f4fcdf17-ee89-4728-a37f-3bb8350cc118,Intel Celeron G5900,Intel,LGA1200,Comet Lake,DDR4,2,2,3.4,,58.0,-3.4,1.0,
f59894ac-8315-443c-adb5-1967307e603d,Intel Xeon E3-1270 v5,Intel,LGA1151,Skylake,DDR4,4,8,3.6,4.0,80.0,0.4,2.0,16.0
f5b522d1-aeea-4809-ab0b-b57aec6ba58e,Intel Core Ultra 7 265KF,Intel,LGA1851,Arrow Lake,DDR5,20,20,3.9,5.5,125.0,1.6,1.0,110.0
f5cb6fa2-042a-48ce-a09d-eaf41290a607,Intel Core i5 13500,Intel,LGA1700,Raptor Lake,DDR5,14,20,2.5,4.8,65.0,2.3,1.43,67.2
f5cd63b4-9aa1-4fbc-9ab5-b449aded063d,AMD A10 7850K 3.7 GHz 4-Core FM2+ OEM/Tray,AMD,FM2+,Steamroller,,4,4,3.7,4.0,95.0,0.3,1.0,16.0
f6275b5f-2489-472b-8246-58b1689cfeb8,Intel Core i7 6800K 3.4 GHz 6-Core LGA2011-3,Intel,LGA2011,Broadwell,,6,12,3.4,3.6,140.0,0.2,2.0,21.6
f6b68476-baa6-4789-ba01-e34cb34567b3,Intel Core i5 9400F,Intel,LGA1151,Coffee Lake Refresh,DDR4,6,6,2.9,4.1,65.0,1.2,1.0,24.6
f7447617-453a-4cb8-afd2-13f9fa5af31d,Intel Xeon E5 2695 v4,Intel,LGA2011,Broadwell,DDR4,18,36,2.1,3.3,120.0,1.2,2.0,59.4
f7cfeb10-844d-4294-83b2-337ec8eef5f9,Intel Core i5 7600T 2.8 GHz 4-Core LGA1151,Intel,LGA1151,Kaby Lake,,4,4,2.8,3.7,35.0,0.9,1.0,14.8
f830b297-cdce-4cfd-b0c8-c6e49bcb86b0,Intel Core i5 10600K,Intel,LGA1200,Comet Lake,DDR4,6,12,4.1,4.8,125.0,0.7,2.0,28.8
f85cd926-f4bf-411a-a8bc-65aa393f297e,Intel Xeon E3-1230 v5,Intel,LGA1151,Skylake,DDR4,4,8,3.4,3.8,80.0,0.4,2.0,15.2
f87a76eb-0de9-4f5a-9406-525f4294a9cb,Intel Xeon E 2124G 3.4 GHz 4-Core LGA1151,Intel,LGA1151,Coffee Lake,,4,4,3.4,4.5,71.0,1.1,1.0,18.0
f8dce6ce-17aa-426d-a513-3d4c0136f180,Intel Core i9-9900K,Intel,LGA1151,Coffee Lake,DDR4,8,16,3.6,5.0,95.0,1.4,2.0,40.0
f9a8771a-0467-4f53-ac5c-0f5a95b9fa0b,Intel Core i5 13500T OEM/Tray,Intel,LGA1700,Raptor Lake,DDR5,14,20,1.6,4.6,35.0,3.0,1.43,64.4
fa08dbf6-6ab3-4d91-aad1-723ea4eb20fc,Intel Xeon E5-2650 v4,Intel,LGA2011,Broadwell,DDR4,12,24,2.2,2.9,105.0,0.7,2.0,34.8
fa0b4f9e-1718-4ce4-a77c-a227144f7b6f,Intel Core i5 5675C,Intel,LGA1150,Broadwell,DDR3,4,4,3.1,3.6,65.0,0.5,1.0,14.4
fa3fa848-a686-4c5d-a31e-eaa9f9914f3f,Intel Xeon E5-2690 v3,Intel,LGA2011,Haswell,DDR4,12,24,2.6,3.5,135.0,0.9,2.0,42.0
fa69f0d2-e648-4597-8fd7-634915f56004,AMD Athlon X4 950,AMD,AM4,Excavator,DDR4,4,4,3.5,3.8,65.0,0.3,1.0,15.2
fb80adb1-e45d-4f02-817c-9891a7058708,Intel Xeon E 2244G 3.8 GHz 4-Core LGA1151,Intel,LGA1151,Coffee Lake Refresh,,4,8,3.8,4.8,71.0,1.0,2.0,19.2
fbdbb84d-28f7-4e7e-afca-a24a848ee5c7,Intel Core i5 4690 OEM/Tray,Intel,LGA1150,Haswell,DDR3,4,4,3.5,3.9,84.0,0.4,1.0,15.6
fc333293-e646-4317-be0f-84f0443e0bd3,Intel Xeon E-2286G OEM/Tray,Intel,LGA1151,Coffee Lake,DDR4,6,12,4.0,4.9,95.0,0.9,2.0,29.4
fc64ff23-4f2b-440a-b309-26199f5ca9fa,AMD Ryzen 5 3600 OEM/Tray,AMD,AM4,Zen 2,DDR4,6,12,3.6,4.2,65.0,0.6,2.0,25.2
fc75239c-f287-4e6e-8b47-f58f9edf1890,Intel Xeon E5 2660 2.2 GHz 8-Core LGA2011 OEM/Tray,Intel,LGA2011,Sandy Bridge,,8,16,2.2,3.0,95.0,0.8,2.0,24.0
fd74557a-9f22-4a60-b4b6-2dee85f759d4,AMD Ryzen 5 2600 OEM/Tray,AMD,AM4,Zen+,DDR4,6,12,3.4,3.9,65.0,0.5,2.0,23.4
fdbaa917-5ffa-4a2f-b37b-c40280dfe3dd,Intel Core i7 4820K,Intel,LGA2011,Ivy Bridge E,DDR3,4,8,3.7,3.9,130.0,0.2,2.0,15.6
fdc95391-09e0-4289-999b-d50433445803,Intel Xeon E5-2670 v2,Intel,LGA2011,Ivy Bridge EP,DDR3,10,20,2.5,3.3,115.0,0.8,2.0,33.0
fdcaea76-3ec0-4e78-af49-74cefd6ab24a,AMD Ryzen 5 3400G OEM/Tray,AMD,AM4,Zen+,DDR4,4,8,3.7,4.2,65.0,0.5,2.0,16.8
fe17fc34-748a-4961-bcca-f5cf2f9e0bd3,Intel Xeon E5-1650 OEM/Tray,Intel,LGA2011,Sandy Bridge EP,DDR3,6,12,3.2,3.8,130.0,0.6,2.0,22.8
fe2cf1aa-c66e-43ec-a55b-997584228dd1,AMD Ryzen 5 7600X,AMD,AM5,Zen 4,DDR5,6,12,4.7,5.3,105.0,0.6,2.0,31.8
fe3d12e9-87eb-4701-8579-5c29d61437c6,AMD Ryzen 7 8700G,AMD,AM5,Zen 4,DDR5,8,16,4.2,5.1,65.0,0.9,2.0,40.8
feb20217-58e3-4490-aaf0-3470019c9e07,Intel Xeon E5-2690 OEM/Tray,Intel,LGA2011,Sandy Bridge EP,DDR3,8,16,2.9,3.8,135.0,0.9,2.0,30.4
ff4b4766-4f58-4c17-915e-9881c50ed032,Intel Core i5 12400,Intel,LGA1700,Alder Lake,DDR5,6,12,2.5,4.4,65.0,1.9,2.0,26.4
fffab94c-d43c-4b94-af4f-07f0c329ac0a,Intel Xeon E5-2699 v4,Intel,LGA2011,Broadwell,DDR4,22,44,2.2,3.6,145.0,1.4,2.0,79.2
