opendb_id,name,manufacturer,cpu_sockets,height_mm,fan_quantity,fan_size_mm,radiator_size_mm,water_cooled,fanless
e8b9e91d-1fbd-45cc-9c5d-eeb13b44cd37,darkFlash E400 Black,darkFlash,AM5|AM4|LGA1851|LGA1700|LGA1151|LGA1200|LGA1150|LGA1155|LGA1156,155.0,1,120.0,,false,false
31b62800-12ab-4afc-8824-8fa3bbacf153,darkFlash E400 White,darkFlash,AM5|AM4|LGA1851|LGA1700|LGA1151|LGA1200|LGA1150|LGA1156|LGA1155,155.0,1,120.0,,false,false
b6eabcce-fc42-4601-a52b-962075b5c888,darkFlash DE240 Black,darkFlash,AM5|AM4|AM3|LGA1851|LGA1700|LGA1151|LGA1200|LGA1150|LGA1155|LGA1156,80.6,2,120.0,240.0,true,false
73155025-b8e1-440e-9efb-38bc1eb2748e,darkFlash DE240 White,darkFlash,AM5|AM4|AM3|LGA1851|LGA1700|LGA1151|LGA1200|LGA1150|LGA1155|LGA1156,80.6,2,120.0,240.0,true,false
426f8510-e96b-4c5e-91e1-56e8a3aa74b2,MSI MPG CORELIQUID D240 Water 240mm 77.4 CFM Black,MSI,AM4|AM5|LGA1150|LGA1151|LGA1155|LGA1156|LGA1200|LGA1700|LGA1851|TRX4|TR4|LGA2066|LGA2011,84.0,2,120.0,240.0,true,false
bfd77a26-e4fc-41cf-bb9e-9cce7cd3cc47,MSI MPG CORELIQUID D360 Water 360mm 77.4 CFM Black,MSI,AM4|AM5|LGA1150|LGA1151|LGA1155|LGA1156|LGA1200|LGA1700|LGA1851|LGA2011|LGA2066|TRX4|TR4,84.0,3,360.0,360.0,true,
9fccabd0-ddd8-4720-883a-094a00d22f88,TCOMAS WG600 360 WHITE,TCOMAS,AM5|AM4|LGA1700|LGA1851,86.4,3,120.0,360.0,true,
65b15bf7-03fe-4bb5-96ed-b3eebd5863af,TCOMAS WG600 360 BLACK,TCOMAS,AM5|AM4|LGA1700|LGA1851,86.4,3,120.0,360.0,true,
5a26f30f-e216-4d67-89f3-5392032e1aaf,TCOMAS WA300 WHITE,TCOMAS,AM5|AM4|LGA1700|LGA1851,77.7,3,120.0,360.0,true,
e670bd2e-bc0d-4cec-b66c-b7524917750c,TCOMAS WA300 BLACK,TCOMAS,AM5|AM4|LGA1700|LGA1851,77.7,3,120.0,360.0,true,
f0b09c19-60de-4a3a-af74-427cc668fc46,darkFlash E400 Plus White,darkFlash,AM5|AM4|LGA1700|LGA1151|LGA1150|LGA1155|LGA1156|LGA1366|LGA1851,155.0,2,120.0,,false,false
ded29480-3afa-4a7d-937b-98a9d21c4bce,TRYX STAGE 360mm White,TRYX,AM5|AM4|LGA1851|LGA1700|LGA1151|LGA1150|LGA1155|LGA1156,91.0,3,120.0,360.0,true,false
b501b58e-e4db-4f79-8d7f-a03811c8e2b6,Thermalright Frost Tower 140 White,Thermalright,AM5|AM4|LGA1851|LGA1700|LGA1151|LGA1200|LGA1150|LGA1156|LGA1155|LGA2011|LGA2066,158.0,2,140.0,,,
b4981ce1-7198-4101-b784-5a99f5ad4b7b,darkFlash E400 Plus Black,darkFlash,AM5|AM4|LGA1700|LGA1151|LGA1150|LGA1155|LGA1156|LGA1366|LGA1851,155.0,2,120.0,,false,false
a9b1a0b5-8203-4acb-a296-84503e06b567,TRYX TURRIS White,TRYX,AM5|AM4|LGA1851|LGA1700,165.0,2,120.0,,false,false
879de228-4814-453b-888a-d39e2fee004c,Thermalright Frost Tower 140,Thermalright,AM5|AM4|LGA1150|LGA1151|LGA1155|LGA1156|LGA1200|LGA1700|LGA1851|LGA2011|LGA2066,158.0,2,140.0,,,
5a069c93-11de-4844-a48a-dec29a5a0cfd,Arctic Liquid Freezer WS360-SP5,ARCTIC,SP5,46.0,3,120.0,360.0,true,false
56f1204c-84f0-4fb7-9b9d-6bea9ada4263,Arctic Liquid Freezer WS360-4710,ARCTIC,LGA4677|LGA 4710,46.0,3,120.0,360.0,true,false
52afe37c-18d9-4043-a7d6-4645ef4609e3,Arctic Liquid Freezer WS360-SP6 Black,ARCTIC,TR4|TRX4|STR5|sWRX8|SP3|SP6,46.0,3,120.0,360.0,true,false
4b8b25e9-7f30-47e7-87b3-554c04e98936,bequiet! DARK ROCK PRO 6 Air Cooler,be quiet!,AM5|LGA1851|LGA1700|LGA1200|LGA1151|LGA1150|LGA1155|AM4,169.0,2,120.0,,false,false
3f5da61d-1c13-4a8c-a288-de61308f8136,Formula V Line Ice Jet Vision 360 White,Formula V Line,AM5|AM4|LGA1700|LGA1851|LGA1151|LGA1150|LGA1155|LGA1156,72.0,3,120.0,360.0,true,false
1b80f37b-a923-4308-a6ee-17646b6ab1bb,Thermalright Frost Tower 140 Black,Thermalright,AM5|AM4|LGA1155|LGA1150|LGA1151|LGA1156|LGA1700|LGA1200|LGA1851|LGA2011|LGA2066,158.0,2,140.0,,,
101e0a7c-da03-4cc6-a9ea-dd99a35370d8,bequiet! Dark Rock 6 Air cooler,be quiet!,AM5|AM4|LGA1851|LGA1700|LGA1200|LGA1151|LGA1150|LGA1155,162.0,2,135.0,,false,false
07a46316-403a-48b3-8611-d415f3acd5c9,TRYX TURRIS Black,TRYX,AM5|AM4|LGA1851|LGA1700,165.0,2,120.0,,false,false
02213b34-7b75-4e65-82b0-901498a7800c,Formula V Line Ice Jet Vision 360 Black,Formula V Line,AM5|AM4|LGA1851|LGA1700|LGA1151|LGA1150|LGA1155|LGA1156,72.0,3,120.0,360.0,true,false
0915b5cd-dbed-4b9d-a0c0-eaed5a0d7bc6,NZXT Kraken Plus 240mm RGB White (2025),NZXT,AM4|AM5|LGA1150|LGA1151|LGA1155|LGA1156|LGA1200|LGA1700|LGA1851,56.0,2,120.0,240.0,true,false
c4b540bd-5bf0-40b1-a901-79a41145abea,Montech HyperFlow Silent AIO 360mm Black,Montech,AM4|AM5|LGA1150|LGA1151|LGA1155|LGA1156|LGA1200|LGA1700|LGA1851|LGA2011|LGA2066,53.0,3,120.0,360.0,true,false
baea1189-7b59-46f9-8ff7-00679394f645,Thermaltake UX150-L ARGB Sync CPU Cooler,Thermaltake,LGA1851|LGA1700|LGA1200|LGA1151|LGA1156|LGA1150|LGA1155,75.6,1,130.0,,false,false
4fbb42d8-0217-4484-bec5-8b3410932c13,Thermalright Phantom Spirit 120 SE ARGB Air Cooler 154mm Black,Thermalright,AM4|AM5|LGA1150|LGA1151|LGA1155|LGA1156|LGA1200|LGA1700|LGA1851,154.0,2,120.0,,false,false
7b96af39-d24d-46e4-b859-5202d4c65d66,Minorsonic CPU Cooler 360mm Black,Minorsonic,AM5|AM4|LGA1851|LGA1700,30.4,3,120.0,360.0,true,false
f9f7f8c4-de38-48e4-be79-61a61170b67f,Minorsonic AIO CPU Cooler 240mm Black,Minorsonic,AM5|AM4|LGA1851|LGA1700,30.5,2,120.0,240.0,true,false
182b5341-9085-4264-9793-c91fbd2c97d6,ARCTIC Liquid Freezer III Pro 280mm Black,ARCTIC,AM4|AM5|LGA1700|LGA1851,68.5,2,140.0,280.0,true,false
381fd893-7c07-419b-9108-a6e11287048e,ARCTIC Liquid Freezer III Pro 240mm Black,ARCTIC,AM4|AM5|LGA1700|LGA1851,68.5,2,120.0,240.0,true,false
acb672ba-0eca-44c2-9b74-57440606761a,ARCTIC Liquid Freezer III Pro 360mm Black,ARCTIC,AM4|AM5|LGA1700|LGA1851,68.5,3,120.0,360.0,true,false
3916d3dc-9163-49e1-8fc4-d5a4d9410050,NZXT Kraken Plus 240mm RGB Black (2025),NZXT,AM4|AM5|LGA1150|LGA1151|LGA1155|LGA1156|LGA1200|LGA1700|LGA1851,56.0,2,120.0,240.0,true,
1e539d30-384a-49da-a1d7-14458f7f74d1,NZXT Kraken Plus 360mm RGB White (2025),NZXT,AM4|AM5|LGA1150|LGA1151|LGA1155|LGA1156|LGA1200|LGA1700|LGA1851,56.0,3,120.0,360.0,true,false
799a9e55-40ba-4b41-ab22-4186b21700dd,TRYX PANORAMA SE AIO 360mm ARGB White,TRYX,AM4|AM5|LGA1150|LGA1151|LGA1155|LGA1156|LGA1200|LGA1700|LGA1851,125.0,3,120.0,360.0,true,false
1341d329-9e85-45d9-8082-c015fc932935,TRYX PANORAMA SE AIO 360mm ARGB Black,TRYX,AM4|AM5|LGA1150|LGA1151|LGA1155|LGA1156|LGA1200|LGA1700|LGA1851,125.0,3,120.0,360.0,true,false
30f5e71c-4087-43c8-9c6f-f1b9537cb996,darkFlash DV360S MAX White,darkFlash,AM4|AM5|LGA1851|LGA1700|LGA1200|LGA1151|LGA1150|LGA1156|LGA1155,61.85,3,120.0,360.0,true,false
c0d91a86-d4af-45c5-91e6-0bd93ea9168a,darkFlash DE360 White,darkFlash,AM5|AM4|AM3|LGA1851|LGA1700|LGA1151|LGA1150|LGA1200,80.6,3,120.0,360.0,true,false
f7f0e95c-6411-4e89-a13b-1c24ab8e9dae,darkFlash DV360S MAX,darkFlash,AM5|AM4|LGA1200|LGA1151|LGA1700|LGA1851|LGA1150|LGA1155|LGA1156,61.85,3,120.0,360.0,true,false
81df22ba-beea-43c5-b518-1f605bb67d6d,darkFlash DE360 Black,darkFlash,AM5|AM4|LGA1851|LGA1700|LGA1200|LGA1151|LGA1150|LGA1156|LGA1155,80.6,3,120.0,360.0,true,false
807fab83-61a7-488d-a259-ddcda46037eb,be quiet! Silent Loop 3 360mm CPU AIO Liquid Cooler Black,be quiet!,AM4|AM5|LGA1150|LGA1151|LGA1155|LGA1156|LGA1200|LGA1700|LGA1851|TR4|TRX4,94.0,3,120.0,360.0,true,false
1397bbab-fcb5-4bb2-9261-d60e56929fd2,be quiet! Silent Loop 3 Water 240mm Black,be quiet!,AM4|AM5|LGA1150|LGA1151|LGA1155|LGA1156|LGA1200|LGA1700|LGA1851,94.0,2,240.0,240.0,true,false
768c9d0f-435c-4b2f-a979-e9ff9981b5ac,be quiet! Silent Loop 3 Water 420mm Black,be quiet!,AM4|AM5|LGA1150|LGA1151|LGA1155|LGA1156|LGA1200|LGA1700|LGA1851|TR4|TRX4,94.0,3,140.0,420.0,true,false
b8feee87-2c19-4ebd-a9a1-d2b97c43c3a2,be quiet! Pure Rock 3 Black,be quiet!,AM4|AM5|LGA1150|LGA1151|LGA1155|LGA1156|LGA1200|LGA1700|LGA1851,154.0,1,120.0,,false,false
53474a4b-e46d-4076-8ae4-7c4c53602c2b,MSI MPG CORELIQUID P13 360 Black,MSI,AM5|AM4|LGA1851|LGA1700,78.0,3,120.0,360.0,true,
03bea814-1e7f-493f-ad25-a76a3d9c535a,MSI MPG CORELIQUID P13 360 White,MSI,AM5|AM4|LGA1700|LGA1851,78.0,3,120.0,360.0,true,
b8e9a8c4-3688-470c-939f-6357938a773f,MSI MAG Coreliquid A12 360 - AIO ARGB CPU Liquid Cooler - 360mm Radiator,MSI,AM5|AM4|LGA1700|LGA1851,69.0,3,120.0,360.0,true,
0ae29165-6d99-447d-99cd-ec209d17b137,MSI MAG Coreliquid A12 240 - AIO ARGB CPU Liquid Cooler - 240mm Radiator,MSI,AM5|AM4|LGA1851|LGA1700,69.0,2,120.0,240.0,true,
